"","Sensitivity","Specificity","Pos Pred Value","Neg Pred Value","Precision","Recall","F1","Prevalence","Detection Rate","Detection Prevalence","Balanced Accuracy","Method","CBT_ncomm","TD"
"1",0.56140350877193,0.863207547169811,0.562814070351759,0.862529457973291,0.562814070351759,0.56140350877193,0.562107904642409,0.238779174147217,0.134051466187911,0.238180730101735,0.712305527970871,"Hybrid Score (corrected)",10,0.424611055941741
"2",0.56140350877193,0.863207547169811,0.562814070351759,0.862529457973291,0.562814070351759,0.56140350877193,0.562107904642409,0.238779174147217,0.134051466187911,0.238180730101735,0.712305527970871,"Hybrid Score",10,0.424611055941741
"3",0.553884711779449,0.860849056603774,0.555276381909548,0.860172820109977,0.555276381909548,0.553884711779449,0.554579673776663,0.238779174147217,0.132256134051466,0.238180730101735,0.707366884191611,"CBT Score (corrected)",10,0.414733768383222
"4",0.543859649122807,0.857704402515723,0.545226130653266,0.857030636292223,0.545226130653266,0.543859649122807,0.544542032622334,0.238779174147217,0.129862357869539,0.238180730101735,0.700782025819265,"CBT Score",10,0.40156405163853
"5",0.43859649122807,0.824685534591195,0.439698492462312,0.824037706205813,0.439698492462312,0.43859649122807,0.439146800501882,0.238779174147217,0.104727707959306,0.238180730101735,0.631641012909633,"PMT OLS",10,0.263282025819265
"6",0.390977443609023,0.809748427672956,0.391959798994975,0.809112333071485,0.391959798994975,0.390977443609023,0.391468005018821,0.238779174147217,0.0933572710951526,0.238180730101735,0.600362935640989,"CBT Logit",10,0.200725871281978
"7",0.506234413965087,0.847523219814242,0.5075,0.846867749419954,0.5075,0.506234413965087,0.506866416978776,0.236857649143532,0.119905493207324,0.236266981689309,0.676878816889664,"Hybrid Score (corrected)",10,0.353757633779329
"8",0.506234413965087,0.847523219814242,0.5075,0.846867749419954,0.5075,0.506234413965087,0.506866416978776,0.236857649143532,0.119905493207324,0.236266981689309,0.676878816889664,"Hybrid Score",10,0.353757633779329
"9",0.498753117206983,0.845201238390093,0.5,0.844547563805104,0.5,0.498753117206983,0.499375780274657,0.236857649143532,0.118133490844654,0.236266981689309,0.671977177798538,"CBT Score (corrected)",10,0.343954355597075
"10",0.491271820448878,0.842879256965944,0.4925,0.842227378190255,0.4925,0.491271820448878,0.491885143570537,0.236857649143532,0.116361488481985,0.236266981689309,0.667075538707411,"CBT Score",10,0.334151077414822
"11",0.438902743142145,0.826625386996904,0.44,0.825986078886311,0.44,0.438902743142145,0.439450686641698,0.236857649143532,0.103957471943296,0.236266981689309,0.632764065069524,"PMT OLS",10,0.265528130139049
"12",0.359102244389027,0.801857585139319,0.36,0.80123743232792,0.36,0.359102244389027,0.359550561797753,0.236857649143532,0.0850561134081512,0.236266981689309,0.580479914764173,"CBT Logit",10,0.160959829528346
"13",0.516372795969773,0.850664581704457,0.517676767676768,0.85,0.517676767676768,0.516372795969773,0.51702395964691,0.236873508353222,0.122315035799523,0.236276849642005,0.683518688837115,"Hybrid Score (corrected)",10,0.36703737767423
"14",0.513853904282116,0.849882720875684,0.515151515151515,0.84921875,0.515151515151515,0.513853904282116,0.514501891551072,0.236873508353222,0.121718377088305,0.236276849642005,0.6818683125789,"Hybrid Score",10,0.3637366251578
"15",0.47103274559194,0.836591086786552,0.472222222222222,0.8359375,0.472222222222222,0.47103274559194,0.471626733921816,0.236873508353222,0.111575178997613,0.236276849642005,0.653811916189246,"CBT Score (corrected)",10,0.307623832378492
"16",0.508816120906801,0.848318999218139,0.51010101010101,0.84765625,0.51010101010101,0.508816120906801,0.509457755359395,0.236873508353222,0.120525059665871,0.236276849642005,0.67856756006247,"CBT Score",10,0.35713512012494
"17",0.435768261964736,0.825645035183737,0.436868686868687,0.825,0.436868686868687,0.435768261964736,0.436317780580076,0.236873508353222,0.103221957040573,0.236276849642005,0.630706648574236,"PMT OLS",10,0.261413297148473
"18",0.28463476070529,0.778733385457389,0.285353535353535,0.778125,0.285353535353535,0.28463476070529,0.28499369482976,0.236873508353222,0.0674224343675418,0.236276849642005,0.531684073081339,"CBT Logit",10,0.0633681461626782
"19",0.5025,0.84591439688716,0.503759398496241,0.845256609642302,0.503759398496241,0.5025,0.503128911138924,0.237388724035608,0.119287833827893,0.236795252225519,0.67420719844358,"Hybrid Score (corrected)",10,0.348414396887159
"20",0.52,0.85136186770428,0.521303258145363,0.850699844479005,0.521303258145363,0.52,0.520650813516896,0.237388724035608,0.123442136498516,0.236795252225519,0.68568093385214,"Hybrid Score",10,0.37136186770428
"21",0.52,0.85136186770428,0.521303258145363,0.850699844479005,0.521303258145363,0.52,0.520650813516896,0.237388724035608,0.123442136498516,0.236795252225519,0.68568093385214,"CBT Score (corrected)",10,0.37136186770428
"22",0.5125,0.849027237354086,0.513784461152882,0.848367029548989,0.513784461152882,0.5125,0.513141426783479,0.237388724035608,0.121661721068249,0.236795252225519,0.680763618677043,"CBT Score",10,0.361527237354086
"23",0.46,0.832684824902724,0.461152882205514,0.83203732503888,0.461152882205514,0.46,0.460575719649562,0.237388724035608,0.10919881305638,0.236795252225519,0.646342412451362,"PMT OLS",10,0.292684824902724
"24",0.305,0.78443579766537,0.305764411027569,0.783825816485226,0.305764411027569,0.305,0.305381727158949,0.237388724035608,0.0724035608308605,0.236795252225519,0.544717898832685,"CBT Logit",10,0.0894357976653696
"25",0.482587064676617,0.838533541341654,0.483790523690773,0.837879968823071,0.483790523690773,0.482587064676617,0.48318804483188,0.238717339667458,0.11520190023753,0.23812351543943,0.660560303009135,"Hybrid Score (corrected)",10,0.321120606018271
"26",0.465174129353234,0.833073322932917,0.466334164588529,0.832424006235386,0.466334164588529,0.465174129353234,0.465753424657534,0.238717339667458,0.11104513064133,0.23812351543943,0.649123726143076,"Hybrid Score",10,0.298247452286151
"27",0.45771144278607,0.830733229329173,0.458852867830424,0.830085736554949,0.458852867830424,0.45771144278607,0.458281444582815,0.238717339667458,0.109263657957245,0.23812351543943,0.644222336057621,"CBT Score (corrected)",10,0.288444672115243
"28",0.480099502487562,0.837753510140406,0.481296758104738,0.837100545596259,0.481296758104738,0.480099502487562,0.480697384806974,0.238717339667458,0.114608076009501,0.23812351543943,0.658926506313984,"CBT Score",10,0.317853012627968
"29",0.460199004975124,0.831513260530421,0.461346633416459,0.830865159781761,0.461346633416459,0.460199004975124,0.460772104607721,0.238717339667458,0.109857482185273,0.23812351543943,0.645856132752773,"PMT OLS",10,0.291712265505546
"30",0.340796019900498,0.794071762870515,0.341645885286783,0.793452844894778,0.341645885286783,0.340796019900498,0.341220423412204,0.238717339667458,0.081353919239905,0.23812351543943,0.567433891385506,"CBT Logit",10,0.134867782771012
"31",0.481203007518797,0.839410395655547,0.481203007518797,0.839410395655547,0.481203007518797,0.481203007518797,0.481203007518797,0.236374407582938,0.113744075829384,0.236374407582938,0.660306701587172,"Hybrid Score (corrected)",10,0.320613403174344
"32",0.463659147869674,0.833979829325058,0.463659147869674,0.833979829325058,0.463659147869674,0.463659147869674,0.463659147869674,0.236374407582938,0.109597156398104,0.236374407582938,0.648819488597366,"Hybrid Score",10,0.297638977194732
"33",0.463659147869674,0.833979829325058,0.463659147869674,0.833979829325058,0.463659147869674,0.463659147869674,0.463659147869674,0.236374407582938,0.109597156398104,0.236374407582938,0.648819488597366,"CBT Score (corrected)",10,0.297638977194732
"34",0.433583959899749,0.82467028704422,0.433583959899749,0.82467028704422,0.433583959899749,0.433583959899749,0.433583959899749,0.236374407582938,0.102488151658768,0.236374407582938,0.629127123471985,"CBT Score",10,0.25825424694397
"35",0.428571428571429,0.823118696664081,0.428571428571429,0.823118696664081,0.428571428571429,0.428571428571429,0.428571428571429,0.236374407582938,0.101303317535545,0.236374407582938,0.625845062617755,"PMT OLS",10,0.251690125235509
"36",0.348370927318296,0.798293250581846,0.348370927318296,0.798293250581846,0.348370927318296,0.348370927318296,0.348370927318296,0.236374407582938,0.082345971563981,0.236374407582938,0.573332088950071,"CBT Logit",10,0.146664177900142
"37",0.443349753694581,0.826153846153846,0.443349753694581,0.826153846153846,0.443349753694581,0.443349753694581,0.443349753694581,0.237983587338804,0.105509964830012,0.237983587338804,0.634751799924214,"Hybrid Score (corrected)",10,0.269503599848427
"38",0.448275862068966,0.827692307692308,0.448275862068966,0.827692307692308,0.448275862068966,0.448275862068966,0.448275862068966,0.237983587338804,0.106682297772567,0.237983587338804,0.637984084880637,"Hybrid Score",10,0.275968169761273
"39",0.431034482758621,0.822307692307692,0.431034482758621,0.822307692307692,0.431034482758621,0.431034482758621,0.431034482758621,0.237983587338804,0.102579132473623,0.237983587338804,0.626671087533156,"CBT Score (corrected)",10,0.253342175066313
"40",0.472906403940887,0.835384615384615,0.472906403940887,0.835384615384615,0.472906403940887,0.472906403940887,0.472906403940887,0.237983587338804,0.112543962485346,0.237983587338804,0.654145509662751,"CBT Score",10,0.308291019325502
"41",0.438423645320197,0.824615384615385,0.438423645320197,0.824615384615385,0.438423645320197,0.438423645320197,0.438423645320197,0.237983587338804,0.104337631887456,0.237983587338804,0.631519514967791,"PMT OLS",10,0.263039029935582
"42",0.322660098522167,0.788461538461538,0.322660098522167,0.788461538461539,0.322660098522167,0.322660098522167,0.322660098522167,0.237983587338804,0.0767878077373974,0.237983587338804,0.555560818491853,"CBT Logit",10,0.111121636983706
"43",0.506393861892583,0.849100860046912,0.506393861892583,0.849100860046912,0.506393861892583,0.506393861892583,0.506393861892583,0.234131736526946,0.118562874251497,0.234131736526946,0.677747360969747,"Hybrid Score (corrected)",10,0.355494721939495
"44",0.50383631713555,0.848318999218139,0.50383631713555,0.848318999218139,0.50383631713555,0.50383631713555,0.50383631713555,0.234131736526946,0.117964071856287,0.234131736526946,0.676077658176845,"Hybrid Score",10,0.352155316353689
"45",0.447570332480818,0.831118060985145,0.447570332480818,0.831118060985145,0.447570332480818,0.447570332480818,0.447570332480818,0.234131736526946,0.104790419161677,0.234131736526946,0.639344196732981,"CBT Score (corrected)",10,0.278688393465963
"46",0.457800511508951,0.834245504300235,0.457800511508951,0.834245504300235,0.457800511508951,0.457800511508951,0.457800511508951,0.234131736526946,0.107185628742515,0.234131736526946,0.646023007904593,"CBT Score",10,0.292046015809186
"47",0.450127877237852,0.831899921813917,0.450127877237852,0.831899921813917,0.450127877237852,0.450127877237852,0.450127877237852,0.234131736526946,0.105389221556886,0.234131736526946,0.641013899525884,"PMT OLS",10,0.282027799051769
"48",0.263427109974425,0.774824081313526,0.263427109974425,0.774824081313526,0.263427109974425,0.263427109974425,0.263427109974425,0.234131736526946,0.0616766467065868,0.234131736526946,0.519125595643975,"CBT Logit",10,0.0382511912879507
"49",0.492537313432836,0.84099766173032,0.492537313432836,0.84099766173032,0.492537313432836,0.492537313432836,0.492537313432836,0.238575667655786,0.117507418397626,0.238575667655786,0.666767487581578,"Hybrid Score (corrected)",10,0.333534975163155
"50",0.519900497512438,0.849571317225253,0.519900497512438,0.849571317225253,0.519900497512438,0.519900497512438,0.519900497512438,0.238575667655786,0.124035608308605,0.238575667655786,0.684735907368846,"Hybrid Score",10,0.369471814737691
"51",0.507462686567164,0.845674201091193,0.507462686567164,0.845674201091193,0.507462686567164,0.507462686567164,0.507462686567164,0.238575667655786,0.12106824925816,0.238575667655786,0.676568443829178,"CBT Score (corrected)",10,0.353136887658357
"52",0.509950248756219,0.846453624318005,0.509950248756219,0.846453624318005,0.509950248756219,0.509950248756219,0.509950248756219,0.238575667655786,0.121661721068249,0.238575667655786,0.678201936537112,"CBT Score",10,0.356403873074223
"53",0.470149253731343,0.83398285268901,0.470149253731343,0.83398285268901,0.470149253731343,0.470149253731343,0.470149253731343,0.238575667655786,0.112166172106825,0.238575667655786,0.652066053210177,"PMT OLS",10,0.304132106420353
"54",0.430348258706468,0.821512081060016,0.430348258706468,0.821512081060016,0.430348258706468,0.430348258706468,0.430348258706468,0.238575667655786,0.102670623145401,0.238575667655786,0.625930169883242,"CBT Logit",10,0.251860339766483
"55",0.545679012345679,0.858024691358025,0.545679012345679,0.858024691358025,0.545679012345679,0.545679012345679,0.545679012345679,0.238095238095238,0.129923574368019,0.238095238095238,0.701851851851852,"Hybrid Score (corrected)",10,0.403703703703704
"56",0.538271604938272,0.85570987654321,0.538271604938272,0.85570987654321,0.538271604938272,0.538271604938272,0.538271604938272,0.238095238095238,0.128159905937684,0.238095238095238,0.696990740740741,"Hybrid Score",10,0.393981481481481
"57",0.535802469135802,0.854938271604938,0.535802469135803,0.854938271604938,0.535802469135802,0.535802469135802,0.535802469135802,0.238095238095238,0.127572016460905,0.238095238095238,0.69537037037037,"CBT Score (corrected)",10,0.390740740740741
"58",0.540740740740741,0.856481481481482,0.540740740740741,0.856481481481482,0.540740740740741,0.540740740740741,0.540740740740741,0.238095238095238,0.128747795414462,0.238095238095238,0.698611111111111,"CBT Score",10,0.397222222222222
"59",0.459259259259259,0.831018518518518,0.459259259259259,0.831018518518518,0.459259259259259,0.459259259259259,0.459259259259259,0.238095238095238,0.109347442680776,0.238095238095238,0.645138888888889,"PMT OLS",10,0.290277777777778
"60",0.316049382716049,0.786265432098765,0.316049382716049,0.786265432098765,0.316049382716049,0.316049382716049,0.316049382716049,0.238095238095238,0.0752498530276308,0.238095238095238,0.551157407407407,"CBT Logit",10,0.102314814814815
"61",0.542079207920792,0.856031128404669,0.542079207920792,0.856031128404669,0.542079207920792,0.542079207920792,0.542079207920792,0.239194789816459,0.129662522202487,0.239194789816459,0.699055168162731,"Hybrid Score (corrected)",25,0.398110336325461
"62",0.544554455445545,0.856809338521401,0.544554455445544,0.856809338521401,0.544554455445545,0.544554455445545,0.544554455445545,0.239194789816459,0.130254588513914,0.239194789816459,0.700681896983473,"Hybrid Score",25,0.401363793966945
"63",0.532178217821782,0.852918287937743,0.532178217821782,0.852918287937743,0.532178217821782,0.532178217821782,0.532178217821782,0.239194789816459,0.127294256956779,0.239194789816459,0.692548252879763,"CBT Score (corrected)",25,0.385096505759525
"64",0.517326732673267,0.848249027237354,0.517326732673267,0.848249027237354,0.517326732673267,0.517326732673267,0.517326732673267,0.239194789816459,0.123741859088218,0.239194789816459,0.682787879955311,"CBT Score",25,0.365575759910621
"65",0.443069306930693,0.824902723735409,0.443069306930693,0.824902723735409,0.443069306930693,0.443069306930693,0.443069306930693,0.239194789816459,0.105979869745411,0.239194789816459,0.633986015333051,"PMT OLS",25,0.267972030666102
"66",0.366336633663366,0.800778210116732,0.366336633663366,0.800778210116731,0.366336633663366,0.366336633663366,0.366336633663366,0.239194789816459,0.0876258140911782,0.239194789816459,0.583557421890049,"CBT Logit",25,0.167114843780098
"67",0.532338308457711,0.855821125674634,0.533665835411471,0.855161787365177,0.533665835411471,0.532338308457711,0.533001245330012,0.236609770453208,0.125956444967628,0.236021188934667,0.694079717066173,"Hybrid Score (corrected)",25,0.388159434132345
"68",0.524875621890547,0.853508095605243,0.526184538653367,0.852850539291217,0.526184538653367,0.524875621890547,0.525529265255293,0.236609770453208,0.124190700412007,0.236021188934667,0.689191858747895,"Hybrid Score",25,0.37838371749579
"69",0.537313432835821,0.857363145720894,0.538653366583541,0.856702619414484,0.538653366583541,0.537313432835821,0.537982565379826,0.236609770453208,0.127133608004709,0.236021188934667,0.697338289278358,"CBT Score (corrected)",25,0.394676578556715
"70",0.522388059701492,0.852737085582113,0.523690773067332,0.852080123266564,0.523690773067332,0.522388059701492,0.523038605230386,0.236609770453208,0.123602118893467,0.236021188934667,0.687562572641803,"CBT Score",25,0.375125145283605
"71",0.447761194029851,0.829606784888203,0.448877805486284,0.828967642526965,0.448877805486284,0.447761194029851,0.448318804483188,0.236609770453208,0.105944673337257,0.236021188934667,0.638683989459027,"PMT OLS",25,0.277367978918054
"72",0.467661691542289,0.835774865073246,0.468827930174564,0.835130970724191,0.468827930174564,0.467661691542289,0.468244084682441,0.236609770453208,0.11065332548558,0.236021188934667,0.651718278307767,"CBT Logit",25,0.303436556615534
"73",0.534653465346535,0.854926299456943,0.535980148883375,0.854263565891473,0.535980148883375,0.534653465346535,0.535315985130111,0.238629651506202,0.127584170112227,0.238038984051979,0.694789882401739,"Hybrid Score (corrected)",25,0.389579764803478
"74",0.51980198019802,0.850271528316524,0.521091811414392,0.849612403100775,0.521091811414392,0.51980198019802,0.520446096654275,0.238629651506202,0.124040165386887,0.238038984051979,0.685036754257272,"Hybrid Score",25,0.370073508514544
"75",0.554455445544555,0.861132660977502,0.555831265508685,0.86046511627907,0.555831265508685,0.554455445544555,0.555142503097894,0.238629651506202,0.132309509746013,0.238038984051979,0.707794053261028,"CBT Score (corrected)",25,0.415588106522056
"76",0.542079207920792,0.857253685027153,0.543424317617866,0.856589147286822,0.543424317617866,0.542079207920792,0.54275092936803,0.238629651506202,0.129356172474897,0.238038984051979,0.699666446473972,"CBT Score",25,0.399332892947945
"77",0.448019801980198,0.8277734678045,0.449131513647643,0.827131782945736,0.449131513647643,0.448019801980198,0.448574969021066,0.238629651506202,0.106910809214412,0.238038984051979,0.637896634892349,"PMT OLS",25,0.275793269784698
"78",0.450495049504951,0.828549262994569,0.451612903225806,0.827906976744186,0.451612903225806,0.450495049504951,0.451053283767038,0.238629651506202,0.107501476668636,0.238038984051979,0.63952215624976,"CBT Logit",25,0.27904431249952
"79",0.503778337531486,0.847113884555382,0.505050505050505,0.846453624318005,0.505050505050505,0.503778337531486,0.504413619167718,0.236450268016677,0.119118522930316,0.235854675402025,0.675446111043434,"Hybrid Score (corrected)",25,0.350892222086868
"80",0.53904282115869,0.858034321372855,0.54040404040404,0.857365549493375,0.54040404040404,0.53904282115869,0.539722572509458,0.236450268016677,0.127456819535438,0.235854675402025,0.698538571265773,"Hybrid Score",25,0.397077142531545
"81",0.523929471032746,0.853354134165367,0.525252525252525,0.852689010132502,0.525252525252525,0.523929471032746,0.524590163934426,0.236450268016677,0.123883263847528,0.235854675402025,0.688641802599056,"CBT Score (corrected)",25,0.377283605198112
"82",0.513853904282116,0.850234009360374,0.515151515151515,0.849571317225253,0.515151515151515,0.513853904282116,0.514501891551072,0.236450268016677,0.121500893388922,0.235854675402025,0.682043956821245,"CBT Score",25,0.36408791364249
"83",0.415617128463476,0.8198127925117,0.416666666666667,0.819173811379579,0.416666666666667,0.415617128463476,0.416141235813367,0.236450268016677,0.0982727814175104,0.235854675402025,0.617714960487588,"PMT OLS",25,0.235429920975177
"84",0.433249370277078,0.825273010920437,0.434343434343434,0.824629773967264,0.434343434343434,0.433249370277078,0.433795712484237,0.236450268016677,0.102441929720071,0.235854675402025,0.629261190598758,"CBT Logit",25,0.258522381197515
"85",0.546365914786967,0.858924395946999,0.546365914786967,0.858924395946999,0.546365914786967,0.546365914786967,0.546365914786967,0.237217598097503,0.129607609988109,0.237217598097503,0.702645155366983,"Hybrid Score (corrected)",25,0.405290310733967
"86",0.558897243107769,0.86282151208106,0.55889724310777,0.86282151208106,0.558897243107769,0.558897243107769,0.558897243107769,0.237217598097503,0.132580261593341,0.237217598097503,0.710859377594415,"Hybrid Score",25,0.42171875518883
"87",0.556390977443609,0.862042088854248,0.556390977443609,0.862042088854248,0.556390977443609,0.556390977443609,0.556390977443609,0.237217598097503,0.131985731272295,0.237217598097503,0.709216533148928,"CBT Score (corrected)",25,0.418433066297857
"88",0.541353383458647,0.857365549493375,0.541353383458647,0.857365549493375,0.541353383458647,0.541353383458647,0.541353383458647,0.237217598097503,0.128418549346017,0.237217598097503,0.699359466476011,"CBT Score",25,0.398718932952022
"89",0.43859649122807,0.825409197194076,0.43859649122807,0.825409197194076,0.43859649122807,0.43859649122807,0.43859649122807,0.237217598097503,0.104042806183115,0.237217598097503,0.632002844211073,"PMT OLS",25,0.264005688422147
"90",0.421052631578947,0.819953234606391,0.421052631578947,0.819953234606391,0.421052631578947,0.421052631578947,0.421052631578947,0.237217598097503,0.0998810939357907,0.237217598097503,0.620502933092669,"CBT Logit",25,0.241005866185339
"91",0.533834586466165,0.854673998428908,0.535175879396985,0.854003139717425,0.535175879396985,0.533834586466165,0.534504391468005,0.238636363636364,0.127392344497608,0.238038277511962,0.694254292447537,"Hybrid Score (corrected)",25,0.388508584895074
"92",0.548872180451128,0.859387274155538,0.550251256281407,0.858712715855573,0.550251256281407,0.548872180451128,0.549560853199498,0.238636363636364,0.130980861244019,0.238038277511962,0.704129727303333,"Hybrid Score",25,0.408259454606666
"93",0.531328320802005,0.85388845247447,0.532663316582915,0.853218210361067,0.532663316582915,0.531328320802005,0.531994981179423,0.238636363636364,0.126794258373206,0.238038277511962,0.692608386638237,"CBT Score (corrected)",25,0.385216773276475
"94",0.541353383458647,0.857030636292223,0.542713567839196,0.856357927786499,0.542713567839196,0.541353383458647,0.542032622333751,0.238636363636364,0.129186602870813,0.238038277511962,0.699192009875435,"CBT Score",25,0.39838401975087
"95",0.443609022556391,0.826394344069128,0.444723618090452,0.82574568288854,0.444723618090452,0.443609022556391,0.444165621079046,0.238636363636364,0.105861244019139,0.238038277511962,0.63500168331276,"PMT OLS",25,0.270003366625519
"96",0.453634085213033,0.829536527886881,0.454773869346734,0.828885400313972,0.454773869346734,0.453634085213033,0.454203262233375,0.238636363636364,0.108253588516746,0.238038277511962,0.641585306549957,"CBT Logit",25,0.283170613099914
"97",0.553030303030303,0.861089187056038,0.554430379746835,0.860410094637224,0.554430379746835,0.553030303030303,0.553729456384324,0.238123872519543,0.131689717378232,0.23752254960914,0.70705974504317,"Hybrid Score (corrected)",25,0.414119490086341
"98",0.55050505050505,0.860299921073402,0.551898734177215,0.859621451104101,0.551898734177215,0.55050505050505,0.551201011378003,0.238123872519543,0.131088394467829,0.23752254960914,0.705402485789226,"Hybrid Score",25,0.410804971578452
"99",0.547979797979798,0.859510655090766,0.549367088607595,0.858832807570978,0.549367088607595,0.547979797979798,0.548672566371681,0.238123872519543,0.130487071557426,0.23752254960914,0.703745226535282,"CBT Score (corrected)",25,0.407490453070564
"100",0.555555555555556,0.861878453038674,0.556962025316456,0.861198738170347,0.556962025316456,0.555555555555556,0.556257901390645,0.238123872519543,0.132291040288635,0.23752254960914,0.708717004297115,"CBT Score",25,0.41743400859423
"101",0.467171717171717,0.834254143646409,0.468354430379747,0.833596214511041,0.468354430379747,0.467171717171717,0.467762326169406,0.238123872519543,0.111244738424534,0.23752254960914,0.650712930409063,"PMT OLS",25,0.301425860818126
"102",0.388888888888889,0.809786898184688,0.389873417721519,0.809148264984227,0.389873417721519,0.388888888888889,0.389380530973451,0.238123872519543,0.0926037282020445,0.23752254960914,0.599337893536789,"CBT Logit",25,0.198675787073577
"103",0.550251256281407,0.859276729559748,0.550251256281407,0.859276729559748,0.550251256281407,0.550251256281407,0.550251256281407,0.238323353293413,0.131137724550898,0.238323353293413,0.704763992920578,"Hybrid Score (corrected)",25,0.409527985841155
"104",0.535175879396985,0.854559748427673,0.535175879396985,0.854559748427673,0.535175879396985,0.535175879396985,0.535175879396985,0.238323353293413,0.127544910179641,0.238323353293413,0.694867813912329,"Hybrid Score",25,0.389735627824658
"105",0.535175879396985,0.854559748427673,0.535175879396985,0.854559748427673,0.535175879396985,0.535175879396985,0.535175879396985,0.238323353293413,0.127544910179641,0.238323353293413,0.694867813912329,"CBT Score (corrected)",25,0.389735627824658
"106",0.555276381909548,0.860849056603774,0.555276381909548,0.860849056603774,0.555276381909548,0.555276381909548,0.555276381909548,0.238323353293413,0.132335329341317,0.238323353293413,0.708062719256661,"CBT Score",25,0.416125438513321
"107",0.442211055276382,0.825471698113208,0.442211055276382,0.825471698113208,0.442211055276382,0.442211055276382,0.442211055276382,0.238323353293413,0.105389221556886,0.238323353293413,0.633841376694795,"PMT OLS",25,0.267682753389589
"108",0.414572864321608,0.816823899371069,0.414572864321608,0.816823899371069,0.414572864321608,0.414572864321608,0.414572864321608,0.238323353293413,0.0988023952095808,0.238323353293413,0.615698381846339,"CBT Logit",25,0.231396763692677
"109",0.551282051282051,0.862992125984252,0.552699228791774,0.862313139260425,0.552699228791774,0.551282051282051,0.55198973042362,0.234939759036145,0.129518072289157,0.23433734939759,0.707137088633152,"Hybrid Score (corrected)",25,0.414274177266303
"110",0.543589743589744,0.860629921259843,0.544987146529563,0.859952793076318,0.544987146529563,0.543589743589744,0.544287548138639,0.234939759036145,0.127710843373494,0.23433734939759,0.702109832424793,"Hybrid Score",25,0.404219664849586
"111",0.535897435897436,0.858267716535433,0.537275064267352,0.857592446892211,0.537275064267352,0.535897435897436,0.536585365853659,0.234939759036145,0.125903614457831,0.23433734939759,0.697082576216435,"CBT Score (corrected)",25,0.394165152432869
"112",0.523076923076923,0.854330708661417,0.524421593830334,0.853658536585366,0.524421593830334,0.523076923076923,0.523748395378691,0.234939759036145,0.12289156626506,0.23433734939759,0.68870381586917,"CBT Score",25,0.37740763173834
"113",0.47948717948718,0.840944881889764,0.480719794344473,0.840283241542093,0.480719794344473,0.47948717948718,0.4801026957638,0.234939759036145,0.112650602409639,0.23433734939759,0.660216030688472,"PMT OLS",25,0.320432061376943
"114",0.415384615384615,0.821259842519685,0.416452442159383,0.820613690007868,0.416452442159383,0.415384615384615,0.41591784338896,0.234939759036145,0.0975903614457831,0.23433734939759,0.61832222895215,"CBT Logit",25,0.2366444579043
"115",0.533665835411471,0.856702619414484,0.535,0.85604311008468,0.535,0.533665835411471,0.534332084893883,0.236021188934667,0.125956444967628,0.235432607416127,0.695184227412978,"Hybrid Score (corrected)",25,0.390368454825955
"116",0.533665835411471,0.856702619414484,0.535,0.85604311008468,0.535,0.533665835411471,0.534332084893883,0.236021188934667,0.125956444967628,0.235432607416127,0.695184227412978,"Hybrid Score",25,0.390368454825955
"117",0.523690773067332,0.853620955315871,0.525,0.852963818321786,0.525,0.523690773067332,0.52434456928839,0.236021188934667,0.123602118893467,0.235432607416127,0.688655864191601,"CBT Score (corrected)",25,0.377311728383202
"118",0.528678304239402,0.855161787365177,0.53,0.854503464203233,0.53,0.528678304239402,0.529338327091136,0.236021188934667,0.124779281930547,0.235432607416127,0.691920045802289,"CBT Score",25,0.383840091604579
"119",0.448877805486284,0.830508474576271,0.45,0.829869130100077,0.45,0.448877805486284,0.449438202247191,0.236021188934667,0.105944673337257,0.235432607416127,0.639693140031278,"PMT OLS",25,0.279386280062556
"120",0.471321695760599,0.837442218798151,0.4725,0.83679753656659,0.4725,0.471321695760599,0.471910112359551,0.236021188934667,0.11124190700412,0.235432607416127,0.654381957279375,"CBT Logit",25,0.308763914558749
"121",0.5275,0.853260869565217,0.5275,0.853260869565217,0.5275,0.5275,0.5275,0.23696682464455,0.125,0.23696682464455,0.690380434782609,"Hybrid Score (corrected)",50,0.380760869565217
"122",0.5325,0.854813664596273,0.5325,0.854813664596273,0.5325,0.5325,0.5325,0.23696682464455,0.126184834123223,0.23696682464455,0.693656832298137,"Hybrid Score",50,0.387313664596273
"123",0.525,0.852484472049689,0.525,0.852484472049689,0.525,0.525,0.525,0.23696682464455,0.124407582938389,0.23696682464455,0.688742236024845,"CBT Score (corrected)",50,0.377484472049689
"124",0.535,0.855590062111801,0.535,0.855590062111801,0.535,0.535,0.535,0.23696682464455,0.126777251184834,0.23696682464455,0.695295031055901,"CBT Score",50,0.390590062111801
"125",0.44,0.826086956521739,0.44,0.826086956521739,0.44,0.44,0.44,0.23696682464455,0.104265402843602,0.23696682464455,0.63304347826087,"PMT OLS",50,0.266086956521739
"126",0.46,0.832298136645963,0.46,0.832298136645963,0.46,0.46,0.46,0.23696682464455,0.109004739336493,0.23696682464455,0.646149068322981,"CBT Logit",50,0.292298136645963
"127",0.571072319201995,0.86733902249806,0.5725,0.866666666666667,0.5725,0.571072319201995,0.571785268414482,0.237278106508876,0.135502958579882,0.236686390532544,0.719205670850028,"Hybrid Score (corrected)",50,0.438411341700055
"128",0.581047381546135,0.87044220325834,0.5825,0.869767441860465,0.5825,0.581047381546135,0.581772784019975,0.237278106508876,0.137869822485207,0.236686390532544,0.725744792402237,"Hybrid Score",50,0.451489584804474
"129",0.561097256857855,0.864235841737781,0.5625,0.863565891472868,0.5625,0.561097256857855,0.561797752808989,0.237278106508876,0.133136094674556,0.236686390532544,0.712666549297818,"CBT Score (corrected)",50,0.425333098595637
"130",0.556109725685786,0.862684251357642,0.5575,0.862015503875969,0.5575,0.556109725685786,0.556803995006242,0.237278106508876,0.131952662721893,0.236686390532544,0.709396988521714,"CBT Score",50,0.418793977043427
"131",0.458852867830424,0.832428238944919,0.46,0.831782945736434,0.46,0.458852867830424,0.459425717852684,0.237278106508876,0.10887573964497,0.236686390532544,0.645640553387671,"PMT OLS",50,0.291281106775343
"132",0.491271820448878,0.842513576415826,0.4925,0.841860465116279,0.4925,0.491271820448878,0.491885143570537,0.237278106508876,0.116568047337278,0.236686390532544,0.666892698432352,"CBT Logit",50,0.333785396864704
"133",0.58,0.87124132613724,0.581453634085213,0.870570107858243,0.581453634085213,0.58,0.58072590738423,0.235710076605775,0.136711844431349,0.23512080141426,0.72562066306862,"Hybrid Score (corrected)",50,0.45124132613724
"134",0.585,0.8727833461835,0.586466165413534,0.87211093990755,0.586466165413534,0.585,0.585732165206508,0.235710076605775,0.137890394814378,0.23512080141426,0.72889167309175,"Hybrid Score",50,0.4577833461835
"135",0.58,0.87124132613724,0.581453634085213,0.870570107858243,0.581453634085213,0.58,0.58072590738423,0.235710076605775,0.136711844431349,0.23512080141426,0.72562066306862,"CBT Score (corrected)",50,0.45124132613724
"136",0.5825,0.87201233616037,0.583959899749373,0.871340523882897,0.583959899749373,0.5825,0.583229036295369,0.235710076605775,0.137301119622864,0.23512080141426,0.727256168080185,"CBT Score",50,0.45451233616037
"137",0.4675,0.836545875096376,0.468671679197995,0.835901386748844,0.468671679197995,0.4675,0.468085106382979,0.235710076605775,0.1101944608132,0.23512080141426,0.652022937548188,"PMT OLS",50,0.304045875096376
"138",0.5375,0.858134155744025,0.538847117794486,0.857473035439137,0.538847117794486,0.5375,0.538172715894869,0.235710076605775,0.126694166175604,0.23512080141426,0.697817077872012,"CBT Logit",50,0.395634155744025
"139",0.563131313131313,0.864460204885737,0.564556962025316,0.863779527559055,0.564556962025316,0.563131313131313,0.563843236409608,0.237837837837838,0.133933933933934,0.237237237237237,0.713795759008525,"Hybrid Score (corrected)",50,0.42759151801705
"140",0.560606060606061,0.863672182821119,0.562025316455696,0.862992125984252,0.562025316455696,0.560606060606061,0.561314791403287,0.237837837837838,0.133333333333333,0.237237237237237,0.71213912171359,"Hybrid Score",50,0.42427824342718
"141",0.547979797979798,0.85973207249803,0.549367088607595,0.859055118110236,0.549367088607595,0.547979797979798,0.548672566371681,0.237837837837838,0.13033033033033,0.237237237237237,0.703855935238914,"CBT Score (corrected)",50,0.407711870477828
"142",0.542929292929293,0.858156028368794,0.544303797468354,0.85748031496063,0.544303797468354,0.542929292929293,0.543615676359039,0.237837837837838,0.129129129129129,0.237237237237237,0.700542660649044,"CBT Score",50,0.401085321298087
"143",0.46969696969697,0.835303388494878,0.470886075949367,0.834645669291339,0.470886075949367,0.46969696969697,0.470290771175727,0.237837837837838,0.111711711711712,0.237237237237237,0.652500179095924,"PMT OLS",50,0.305000358191848
"144",0.45959595959596,0.832151300236407,0.460759493670886,0.831496062992126,0.460759493670886,0.45959595959596,0.460176991150443,0.237837837837838,0.109309309309309,0.237237237237237,0.645873629916183,"CBT Logit",50,0.291747259832366
"145",0.566084788029925,0.865220759101472,0.566084788029925,0.865220759101472,0.566084788029925,0.566084788029925,0.566084788029925,0.236997635933806,0.134160756501182,0.236997635933806,0.715652773565699,"Hybrid Score (corrected)",50,0.431305547131397
"146",0.56359102244389,0.864446165762974,0.56359102244389,0.864446165762974,0.56359102244389,0.56359102244389,0.56359102244389,0.236997635933806,0.133569739952719,0.236997635933806,0.714018594103432,"Hybrid Score",50,0.428037188206865
"147",0.56359102244389,0.864446165762974,0.56359102244389,0.864446165762974,0.56359102244389,0.56359102244389,0.56359102244389,0.236997635933806,0.133569739952719,0.236997635933806,0.714018594103432,"CBT Score (corrected)",50,0.428037188206865
"148",0.55860349127182,0.86289697908598,0.55860349127182,0.86289697908598,0.55860349127182,0.55860349127182,0.55860349127182,0.236997635933806,0.132387706855792,0.236997635933806,0.7107502351789,"CBT Score",50,0.4215004703578
"149",0.44139650872818,0.826491092176607,0.44139650872818,0.826491092176607,0.44139650872818,0.44139650872818,0.44139650872818,0.236997635933806,0.104609929078014,0.236997635933806,0.633943800452393,"PMT OLS",50,0.267887600904787
"150",0.483790523690773,0.839659178931061,0.483790523690773,0.839659178931061,0.483790523690773,0.483790523690773,0.483790523690773,0.236997635933806,0.114657210401891,0.236997635933806,0.661724851310917,"CBT Logit",50,0.323449702621834
"151",0.561097256857855,0.861960784313725,0.561097256857855,0.861960784313726,0.561097256857855,0.561097256857855,0.561097256857855,0.239260143198091,0.134248210023866,0.239260143198091,0.71152902058579,"Hybrid Score (corrected)",50,0.423058041171581
"152",0.571072319201995,0.865098039215686,0.571072319201995,0.865098039215686,0.571072319201995,0.571072319201995,0.571072319201995,0.239260143198091,0.136634844868735,0.239260143198091,0.718085179208841,"Hybrid Score",50,0.436170358417681
"153",0.561097256857855,0.861960784313725,0.561097256857855,0.861960784313726,0.561097256857855,0.561097256857855,0.561097256857855,0.239260143198091,0.134248210023866,0.239260143198091,0.71152902058579,"CBT Score (corrected)",50,0.423058041171581
"154",0.553615960099751,0.859607843137255,0.553615960099751,0.859607843137255,0.553615960099751,0.553615960099751,0.553615960099751,0.239260143198091,0.132458233890215,0.239260143198091,0.706611901618503,"CBT Score",50,0.413223803237006
"155",0.466334164588529,0.832156862745098,0.466334164588529,0.832156862745098,0.466334164588529,0.466334164588529,0.466334164588529,0.239260143198091,0.111575178997613,0.239260143198091,0.649245513666813,"PMT OLS",50,0.298491027333627
"156",0.503740648379052,0.843921568627451,0.503740648379052,0.843921568627451,0.503740648379052,0.503740648379052,0.503740648379052,0.239260143198091,0.120525059665871,0.239260143198091,0.673831108503252,"CBT Logit",50,0.347662217006503
"157",0.5225,0.853958493466564,0.523809523809524,0.853302611367127,0.523809523809524,0.5225,0.523153942428035,0.235155790711346,0.122868900646678,0.234567901234568,0.688229246733282,"Hybrid Score (corrected)",50,0.376458493466564
"158",0.5175,0.852421214450423,0.518796992481203,0.851766513056836,0.518796992481203,0.5175,0.518147684605757,0.235155790711346,0.121693121693122,0.234567901234568,0.684960607225211,"Hybrid Score",50,0.369921214450423
"159",0.535,0.857801691006918,0.536340852130326,0.857142857142857,0.536340852130326,0.535,0.53566958698373,0.235155790711346,0.12580834803057,0.234567901234568,0.696400845503459,"CBT Score (corrected)",50,0.392801691006918
"160",0.5325,0.857033051498847,0.533834586466165,0.856374807987711,0.533834586466165,0.5325,0.533166458072591,0.235155790711346,0.125220458553792,0.234567901234568,0.694766525749424,"CBT Score",50,0.389533051498847
"161",0.4425,0.829362029208301,0.443609022556391,0.828725038402458,0.443609022556391,0.4425,0.443053817271589,0.235155790711346,0.104056437389771,0.234567901234568,0.635931014604151,"PMT OLS",50,0.271862029208301
"162",0.4925,0.844734819369716,0.493734335839599,0.844086021505376,0.493734335839599,0.4925,0.493116395494368,0.235155790711346,0.115814226925338,0.234567901234568,0.668617409684858,"CBT Logit",50,0.337234819369716
"163",0.544757033248082,0.860062893081761,0.544757033248082,0.860062893081761,0.544757033248082,0.544757033248082,0.544757033248082,0.235117257967529,0.128081779915815,0.235117257967529,0.702409963164921,"Hybrid Score (corrected)",50,0.404819926329843
"164",0.552429667519182,0.862421383647799,0.552429667519182,0.862421383647799,0.552429667519182,0.552429667519182,0.552429667519182,0.235117257967529,0.129885748647023,0.235117257967529,0.70742552558349,"Hybrid Score",50,0.41485105116698
"165",0.524296675191816,0.85377358490566,0.524296675191816,0.85377358490566,0.524296675191816,0.524296675191816,0.524296675191816,0.235117257967529,0.123271196632592,0.235117257967529,0.689035130048738,"CBT Score (corrected)",50,0.378070260097476
"166",0.529411764705882,0.855345911949686,0.529411764705882,0.855345911949686,0.529411764705882,0.529411764705882,0.529411764705882,0.235117257967529,0.124473842453397,0.235117257967529,0.692378838327784,"CBT Score",50,0.384757676655568
"167",0.447570332480818,0.830188679245283,0.447570332480818,0.830188679245283,0.447570332480818,0.447570332480818,0.447570332480818,0.235117257967529,0.105231509320505,0.235117257967529,0.638879505863051,"PMT OLS",50,0.277759011726101
"168",0.48849104859335,0.842767295597484,0.48849104859335,0.842767295597484,0.48849104859335,0.48849104859335,0.48849104859335,0.235117257967529,0.114852675886951,0.235117257967529,0.665629172095417,"CBT Logit",50,0.331258344190835
"169",0.552763819095477,0.862229102167183,0.552763819095477,0.862229102167183,0.552763819095477,0.552763819095477,0.552763819095477,0.235502958579882,0.130177514792899,0.235502958579882,0.70749646063133,"Hybrid Score (corrected)",50,0.41499292126266
"170",0.542713567839196,0.859133126934985,0.542713567839196,0.859133126934985,0.542713567839196,0.542713567839196,0.542713567839196,0.235502958579882,0.127810650887574,0.235502958579882,0.70092334738709,"Hybrid Score",50,0.401846694774181
"171",0.555276381909548,0.863003095975232,0.555276381909548,0.863003095975232,0.555276381909548,0.555276381909548,0.555276381909548,0.235502958579882,0.130769230769231,0.235502958579882,0.70913973894239,"CBT Score (corrected)",50,0.41827947788478
"172",0.555276381909548,0.863003095975232,0.555276381909548,0.863003095975232,0.555276381909548,0.555276381909548,0.555276381909548,0.235502958579882,0.130769230769231,0.235502958579882,0.70913973894239,"CBT Score",50,0.41827947788478
"173",0.434673366834171,0.825851393188854,0.434673366834171,0.825851393188854,0.434673366834171,0.434673366834171,0.434673366834171,0.235502958579882,0.102366863905325,0.235502958579882,0.630262380011513,"PMT OLS",50,0.260524760023025
"174",0.442211055276382,0.828173374613003,0.442211055276382,0.828173374613003,0.442211055276382,0.442211055276382,0.442211055276382,0.235502958579882,0.10414201183432,0.235502958579882,0.635192214944692,"CBT Logit",50,0.270384429889385
"175",0.58354114713217,0.87111801242236,0.585,0.87044220325834,0.585,0.58354114713217,0.584269662921348,0.237418590882179,0.13854351687389,0.236826524570752,0.727329579777265,"Hybrid Score (corrected)",50,0.45465915955453
"176",0.586034912718205,0.871894409937888,0.5875,0.87121799844841,0.5875,0.586034912718205,0.586766541822722,0.237418590882179,0.139135583185317,0.236826524570752,0.728964661328046,"Hybrid Score",50,0.457929322656093
"177",0.581047381546135,0.870341614906832,0.5825,0.86966640806827,0.5825,0.581047381546135,0.581772784019975,0.237418590882179,0.137951450562463,0.236826524570752,0.725694498226483,"CBT Score (corrected)",50,0.451388996452967
"178",0.58354114713217,0.87111801242236,0.585,0.87044220325834,0.585,0.58354114713217,0.584269662921348,0.237418590882179,0.13854351687389,0.236826524570752,0.727329579777265,"CBT Score",50,0.45465915955453
"179",0.43640897755611,0.825310559006211,0.4375,0.82467028704422,0.4375,0.43640897755611,0.436953807740325,0.237418590882179,0.103611604499704,0.236826524570752,0.630859768281161,"PMT OLS",50,0.261719536562321
"180",0.503740648379052,0.846273291925466,0.505,0.845616757176105,0.505,0.503740648379052,0.504369538077403,0.237418590882179,0.11959739490823,0.236826524570752,0.675006970152259,"CBT Logit",50,0.350013940304518
"181",0.575376884422111,0.86796875,0.57537688442211,0.86796875,0.575376884422111,0.575376884422111,0.575376884422111,0.237187127532777,0.136471990464839,0.237187127532777,0.721672817211055,"Hybrid Score (corrected)",200,0.443345634422111
"182",0.580402010050251,0.86953125,0.580402010050251,0.86953125,0.580402010050251,0.580402010050251,0.580402010050251,0.237187127532777,0.137663885578069,0.237187127532777,0.724966630025126,"Hybrid Score",200,0.449933260050251
"183",0.575376884422111,0.86796875,0.57537688442211,0.86796875,0.575376884422111,0.575376884422111,0.575376884422111,0.237187127532777,0.136471990464839,0.237187127532777,0.721672817211055,"CBT Score (corrected)",200,0.443345634422111
"184",0.577889447236181,0.86875,0.577889447236181,0.86875,0.577889447236181,0.577889447236181,0.577889447236181,0.237187127532777,0.137067938021454,0.237187127532777,0.72331972361809,"CBT Score",200,0.446639447236181
"185",0.454773869346734,0.83046875,0.454773869346734,0.83046875,0.454773869346734,0.454773869346734,0.454773869346734,0.237187127532777,0.107866507747318,0.237187127532777,0.642621309673367,"PMT OLS",200,0.285242619346734
"186",0.5678391959799,0.865625,0.567839195979899,0.865625,0.5678391959799,0.5678391959799,0.5678391959799,0.237187127532777,0.134684147794994,0.237187127532777,0.71673209798995,"CBT Logit",200,0.433464195979899
"187",0.587939698492462,0.872156862745098,0.589420654911839,0.871473354231975,0.589420654911839,0.587939698492462,0.588679245283019,0.237895995218171,0.139868499701136,0.23729826658697,0.73004828061878,"Hybrid Score (corrected)",200,0.46009656123756
"188",0.582914572864322,0.870588235294118,0.584382871536524,0.869905956112853,0.584382871536524,0.582914572864322,0.583647798742138,0.237895995218171,0.138673042438733,0.23729826658697,0.72675140407922,"Hybrid Score",200,0.453502808158439
"189",0.590452261306533,0.872941176470588,0.591939546599496,0.872257053291536,0.591939546599496,0.590452261306533,0.591194968553459,0.237895995218171,0.140466228332337,0.23729826658697,0.73169671888856,"CBT Score (corrected)",200,0.463393437777121
"190",0.582914572864322,0.870588235294118,0.584382871536524,0.869905956112853,0.584382871536524,0.582914572864322,0.583647798742138,0.237895995218171,0.138673042438733,0.23729826658697,0.72675140407922,"CBT Score",200,0.453502808158439
"191",0.457286432160804,0.831372549019608,0.458438287153652,0.830721003134796,0.458438287153652,0.457286432160804,0.457861635220126,0.237895995218171,0.108786610878661,0.23729826658697,0.644329490590206,"PMT OLS",200,0.288658981180412
"192",0.580402010050251,0.869803921568627,0.581863979848866,0.869122257053291,0.581863979848867,0.580402010050251,0.581132075471698,0.237895995218171,0.138075313807531,0.23729826658697,0.725102965809439,"CBT Logit",200,0.450205931618879
"193",0.581218274111675,0.870662460567823,0.582697201017812,0.869976359338062,0.582697201017812,0.581218274111675,0.581956797966963,0.237063778580024,0.137785800240674,0.236462093862816,0.725940367339749,"Hybrid Score (corrected)",200,0.451880734679499
"194",0.581218274111675,0.870662460567823,0.582697201017812,0.869976359338062,0.582697201017812,0.581218274111675,0.581956797966963,0.237063778580024,0.137785800240674,0.236462093862816,0.725940367339749,"Hybrid Score",200,0.451880734679499
"195",0.571065989847716,0.867507886435331,0.572519083969466,0.86682427107959,0.572519083969466,0.571065989847716,0.571791613722999,0.237063778580024,0.135379061371841,0.236462093862816,0.719286938141523,"CBT Score (corrected)",200,0.438573876283047
"196",0.576142131979695,0.869085173501577,0.577608142493639,0.868400315208826,0.577608142493639,0.576142131979695,0.576874205844981,0.237063778580024,0.136582430806258,0.236462093862816,0.722613652740636,"CBT Score",200,0.445227305481273
"197",0.441624365482233,0.827287066246057,0.442748091603053,0.826635145784082,0.442748091603053,0.441624365482233,0.442185514612452,0.237063778580024,0.104693140794224,0.236462093862816,0.634455715864145,"PMT OLS",200,0.26891143172829
"198",0.553299492385787,0.86198738170347,0.55470737913486,0.861308116627266,0.55470737913486,0.553299492385787,0.554002541296061,0.237063778580024,0.131167268351384,0.236462093862816,0.707643437044628,"CBT Logit",200,0.415286874089257
"199",0.582089552238806,0.869429241594996,0.58354114713217,0.86875,0.58354114713217,0.582089552238806,0.582814445828144,0.239143367043427,0.139202855443189,0.238548483045806,0.725759396916901,"Hybrid Score (corrected)",200,0.451518793833802
"200",0.582089552238806,0.869429241594996,0.58354114713217,0.86875,0.58354114713217,0.582089552238806,0.582814445828144,0.239143367043427,0.139202855443189,0.238548483045806,0.725759396916901,"Hybrid Score",200,0.451518793833802
"201",0.572139303482587,0.866301798279906,0.57356608478803,0.865625,0.57356608478803,0.572139303482587,0.572851805728518,0.239143367043427,0.136823319452707,0.238548483045806,0.719220550881247,"CBT Score (corrected)",200,0.438441101762493
"202",0.572139303482587,0.866301798279906,0.57356608478803,0.865625,0.57356608478803,0.572139303482587,0.572851805728518,0.239143367043427,0.136823319452707,0.238548483045806,0.719220550881247,"CBT Score",200,0.438441101762493
"203",0.447761194029851,0.827208756841282,0.448877805486284,0.8265625,0.448877805486284,0.447761194029851,0.448318804483188,0.239143367043427,0.107079119571684,0.238548483045806,0.637484975435566,"PMT OLS",200,0.274969950871133
"204",0.554726368159204,0.860828772478499,0.556109725685786,0.86015625,0.556109725685786,0.554726368159204,0.555417185554172,0.239143367043427,0.132659131469363,0.238548483045806,0.707777570318851,"CBT Logit",200,0.415555140637703
"205",0.594458438287154,0.874608150470219,0.595959595959596,0.873923257635082,0.595959595959596,0.594458438287154,0.595208070617907,0.23729826658697,0.141063956963539,0.236700537955768,0.734533294378687,"Hybrid Score (corrected)",200,0.469066588757373
"206",0.594458438287154,0.874608150470219,0.595959595959596,0.873923257635082,0.595959595959596,0.594458438287154,0.595208070617907,0.23729826658697,0.141063956963539,0.236700537955768,0.734533294378687,"Hybrid Score",200,0.469066588757373
"207",0.579345088161209,0.869905956112853,0.580808080808081,0.869224745497259,0.580808080808081,0.579345088161209,0.580075662042875,0.23729826658697,0.13747758517633,0.236700537955768,0.724625522137031,"CBT Score (corrected)",200,0.449251044274062
"208",0.579345088161209,0.869905956112853,0.580808080808081,0.869224745497259,0.580808080808081,0.579345088161209,0.580075662042875,0.23729826658697,0.13747758517633,0.236700537955768,0.724625522137031,"CBT Score",200,0.449251044274062
"209",0.481108312342569,0.839341692789969,0.482323232323232,0.83868441660141,0.482323232323232,0.481108312342569,0.48171500630517,0.23729826658697,0.114166168559474,0.236700537955768,0.660225002566269,"PMT OLS",200,0.320450005132538
"210",0.594458438287154,0.874608150470219,0.595959595959596,0.873923257635082,0.595959595959596,0.594458438287154,0.595208070617907,0.23729826658697,0.141063956963539,0.236700537955768,0.734533294378687,"CBT Logit",200,0.469066588757373
"211",0.573232323232323,0.86608557844691,0.573232323232323,0.86608557844691,0.573232323232323,0.573232323232323,0.573232323232323,0.238841978287093,0.136911942098914,0.238841978287093,0.719658950839617,"Hybrid Score (corrected)",200,0.439317901679233
"212",0.575757575757576,0.866877971473851,0.575757575757576,0.866877971473851,0.575757575757576,0.575757575757576,0.575757575757576,0.238841978287093,0.13751507840772,0.238841978287093,0.721317773615713,"Hybrid Score",200,0.442635547231427
"213",0.575757575757576,0.866877971473851,0.575757575757576,0.866877971473851,0.575757575757576,0.575757575757576,0.575757575757576,0.238841978287093,0.13751507840772,0.238841978287093,0.721317773615713,"CBT Score (corrected)",200,0.442635547231427
"214",0.575757575757576,0.866877971473851,0.575757575757576,0.866877971473851,0.575757575757576,0.575757575757576,0.575757575757576,0.238841978287093,0.13751507840772,0.238841978287093,0.721317773615713,"CBT Score",200,0.442635547231427
"215",0.484848484848485,0.838351822503962,0.484848484848485,0.838351822503962,0.484848484848485,0.484848484848485,0.484848484848485,0.238841978287093,0.115802171290712,0.238841978287093,0.661600153676223,"PMT OLS",200,0.323200307352447
"216",0.558080808080808,0.861331220285262,0.558080808080808,0.861331220285261,0.558080808080808,0.558080808080808,0.558080808080808,0.238841978287093,0.13329312424608,0.238841978287093,0.709706014183035,"CBT Logit",200,0.41941202836607
"217",0.595419847328244,0.875590551181102,0.596938775510204,0.874901652242329,0.596938775510204,0.595419847328244,0.596178343949045,0.236319903788334,0.140709561034275,0.235718580877931,0.735505199254673,"Hybrid Score (corrected)",200,0.471010398509347
"218",0.597964376590331,0.876377952755905,0.599489795918367,0.875688434303698,0.599489795918367,0.597964376590331,0.598726114649682,0.236319903788334,0.141310883944678,0.235718580877931,0.737171164673118,"Hybrid Score",200,0.474342329346236
"219",0.595419847328244,0.875590551181102,0.596938775510204,0.874901652242329,0.596938775510204,0.595419847328244,0.596178343949045,0.236319903788334,0.140709561034275,0.235718580877931,0.735505199254673,"CBT Score (corrected)",200,0.471010398509347
"220",0.600508905852417,0.877165354330709,0.602040816326531,0.876475216365067,0.602040816326531,0.600508905852417,0.601273885350318,0.236319903788334,0.141912206855081,0.235718580877931,0.738837130091563,"CBT Score",200,0.477674260183126
"221",0.447837150127226,0.82992125984252,0.448979591836735,0.829268292682927,0.448979591836735,0.447837150127226,0.448407643312102,0.236319903788334,0.105832832230908,0.235718580877931,0.638879204984873,"PMT OLS",200,0.277758409969746
"222",0.557251908396947,0.863779527559055,0.558673469387755,0.863099921321794,0.558673469387755,0.557251908396947,0.557961783439491,0.236319903788334,0.131689717378232,0.235718580877931,0.710515717978001,"CBT Logit",200,0.421031435956002
"223",0.58968058968059,0.871834228702993,0.58968058968059,0.871834228702993,0.58968058968059,0.58968058968059,0.58968058968059,0.238011695906433,0.140350877192982,0.238011695906433,0.730757409191791,"Hybrid Score (corrected)",200,0.461514818383583
"224",0.597051597051597,0.874136607828089,0.597051597051597,0.874136607828089,0.597051597051597,0.597051597051597,0.597051597051597,0.238011695906433,0.142105263157895,0.238011695906433,0.735594102439843,"Hybrid Score",200,0.471188204879686
"225",0.594594594594595,0.873369148119724,0.594594594594595,0.873369148119724,0.594594594594595,0.594594594594595,0.594594594594595,0.238011695906433,0.141520467836257,0.238011695906433,0.733981871357159,"CBT Score (corrected)",200,0.467963742714318
"226",0.592137592137592,0.872601688411358,0.592137592137592,0.872601688411358,0.592137592137592,0.592137592137592,0.592137592137592,0.238011695906433,0.14093567251462,0.238011695906433,0.732369640274475,"CBT Score",200,0.464739280548951
"227",0.452088452088452,0.828856485034536,0.452088452088452,0.828856485034536,0.452088452088452,0.452088452088452,0.452088452088452,0.238011695906433,0.107602339181287,0.238011695906433,0.640472468561494,"PMT OLS",200,0.280944937122988
"228",0.587223587223587,0.871066768994628,0.587223587223587,0.871066768994628,0.587223587223587,0.587223587223587,0.587223587223587,0.238011695906433,0.139766081871345,0.238011695906433,0.729145178109108,"CBT Logit",200,0.458290356218215
"229",0.5875,0.872174590802806,0.588972431077694,0.871495327102804,0.588972431077694,0.5875,0.588235294117647,0.23767082590612,0.139631610219846,0.237076648841355,0.729837295401403,"Hybrid Score (corrected)",200,0.459674590802806
"230",0.5925,0.87373343725643,0.593984962406015,0.873052959501558,0.593984962406015,0.5925,0.593241551939925,0.23767082590612,0.140819964349376,0.237076648841355,0.733116718628215,"Hybrid Score",200,0.46623343725643
"231",0.5925,0.87373343725643,0.593984962406015,0.873052959501558,0.593984962406015,0.5925,0.593241551939925,0.23767082590612,0.140819964349376,0.237076648841355,0.733116718628215,"CBT Score (corrected)",200,0.46623343725643
"232",0.595,0.874512860483242,0.596491228070175,0.873831775700935,0.596491228070175,0.595,0.595744680851064,0.23767082590612,0.141414141414141,0.237076648841355,0.734756430241621,"CBT Score",200,0.469512860483242
"233",0.4475,0.828526890101325,0.448621553884712,0.827881619937695,0.448621553884712,0.4475,0.448060075093867,0.23767082590612,0.106357694592989,0.237076648841355,0.638013445050662,"PMT OLS",200,0.276026890101325
"234",0.6025,0.876851130163679,0.604010025062657,0.876168224299065,0.604010025062657,0.6025,0.603254067584481,0.23767082590612,0.143196672608437,0.237076648841355,0.739675565081839,"CBT Logit",200,0.479351130163679
"235",0.592405063291139,0.873923257635082,0.592405063291139,0.873923257635082,0.592405063291139,0.592405063291139,0.592405063291139,0.236244019138756,0.139952153110048,0.236244019138756,0.733164160463111,"Hybrid Score (corrected)",200,0.466328320926222
"236",0.594936708860759,0.874706342991386,0.594936708860759,0.874706342991386,0.594936708860759,0.594936708860759,0.594936708860759,0.236244019138756,0.14055023923445,0.236244019138756,0.734821525926073,"Hybrid Score",200,0.469643051852145
"237",0.592405063291139,0.873923257635082,0.592405063291139,0.873923257635082,0.592405063291139,0.592405063291139,0.592405063291139,0.236244019138756,0.139952153110048,0.236244019138756,0.733164160463111,"CBT Score (corrected)",200,0.466328320926222
"238",0.587341772151899,0.872357086922475,0.587341772151899,0.872357086922475,0.587341772151899,0.587341772151899,0.587341772151899,0.236244019138756,0.138755980861244,0.236244019138756,0.729849429537187,"CBT Score",200,0.459698859074373
"239",0.458227848101266,0.832419733750979,0.458227848101266,0.832419733750979,0.458227848101266,0.458227848101266,0.458227848101266,0.236244019138756,0.108253588516746,0.236244019138756,0.645323790926122,"PMT OLS",200,0.290647581852245
"240",0.589873417721519,0.873140172278778,0.589873417721519,0.873140172278778,0.589873417721519,0.589873417721519,0.589873417721519,0.236244019138756,0.139354066985646,0.236244019138756,0.731506795000149,"CBT Logit",200,0.463013590000297
