"","parameter","rep","CB_DU","CB","P1"
"1","hhsize",1,-0.0331020578351179,-0.064842444297453,0.0202115299795581
"2","hhage",1,0.177747075624541,0.267526891699644,0.0518291307495819
"3","age04",1,-0.25434322775437,-0.429761646808192,-0.0793923596723056
"4","depratio",1,0.351203950857968,0.566726472642965,-0.058401386001446
"5","pcfloor",1,0.232861835721608,0.301179881721736,0.948748158890251
"6","eschild",1,0.0235822000381658,0.0285840895831494,0.236568490170343
"7","jschild",1,0.0709084628398895,0.125576132759652,-0.0388617833080172
"8","sschild",1,0.136200193930178,0.159000758265874,0.0649038539571417
"9","connected",1,-0.00413844905606545,0.00352614685663655,-0.0861402697733938
"10","hhmale",1,-0.0828085325766306,0.371635033039846,-0.78174141055649
"11","hhmarried",1,0.721623344342802,0.53413495825811,1.26312271642987
"12","hheduc2",1,0.32370369467777,0.427555644925373,0.307389611922676
"13","hheduc3",1,0.360858410674212,0.554869574304266,0.143360908975365
"14","hheduc4",1,0.381125953746918,0.592912965455912,0.252195925632617
"15","higheduc2",1,-0.139507747395426,-0.0786598014651406,-0.202065473283737
"16","higheduc3",1,-0.052939573704231,0.0245074024730884,-0.200365891174044
"17","higheduc4",1,0.00423370013903776,0.128609872882981,-0.16535470808993
"18","tfloor",1,0.679992600807993,0.771741090296358,0.339198839984743
"19","twall",1,0.405494828870661,0.5063566314187,0.405217739445868
"20","toilet",1,0.716261547626191,1.05574520783874,0.654178814917369
"21","water",1,0.184348988867789,0.105924796714175,-0.014996488977763
"22","lighting",1,0.441965613595444,0.488047915782261,0.520441725583458
"23","troof",1,-0.00483595573714387,-0.191499852986262,0.487973788447126
"24","fcook",1,0.308546058980064,0.383267644298474,0.441336255888404
"25","house",1,0.321474236651969,0.405355902592433,0.0755538542590503
"26","computer",1,0.254338713170254,0.267506513763072,0.23405159591477
"27","radio",1,0.15069575298235,0.214601236844747,0.0610028928231411
"28","tv",1,0.182595927650797,0.148206668663635,0.399632193951451
"29","dvd",1,0.334370925142792,0.523716763339275,0.0442052934327003
"30","satellite",1,0.241314276990906,0.465003594392592,-0.13063893945635
"31","ac",1,2.02833071315187,1.56769093605578,1.98084943875034
"32","gas",1,0.718870459937089,1.09189857804113,0.00904107092112115
"33","refrigerator",1,0.186650626184145,0.200244102938635,0.723957569887112
"34","bicycle",1,-0.13793938623295,-0.200879122567437,0.0462513985708048
"35","motorcycle",1,0.463651441793182,0.575977302959853,0.700801172532692
"36","auto",1,1.1736206221058,2.33134293805655,0.327120365745826
"37","hp",1,-0.267446710955994,-0.406892462138945,-0.12823872558598
"38","jewelry",1,0.065465131600607,0.0299809991831457,0.443492112986302
"39","chicken",1,-0.00090417618431419,-0.0709052923081279,-0.0115137524182783
"40","cow",1,0.610932897828878,0.974808235458428,0.133341676924764
"41","credit",1,-0.133144895658507,-0.217910176833685,0.12636376851646
"42","hhsector1",1,1.17323578618151,0.219429223489377,1.06391054653521
"43","hhsector2",1,0.859628972116118,-0.150724993584928,0.834643251220547
"44","hhsector3",1,1.15001223325926,0.221854545758082,1.29734052336671
"45","formal",1,-0.540612154279647,0.10688216419239,-0.74629445539498
"46","informal",1,-0.629507823370773,0.013325904202086,-0.732294486600436
"47","hhsize",2,-0.267482661812703,-0.259365646623342,-0.360407461730762
"48","hhage",2,0.284805999458101,0.254860594788361,0.659523526563198
"49","age04",2,0.0886000612845618,0.0584645044860995,-0.124847918835053
"50","depratio",2,0.222739929377373,0.247083568152759,-0.330009481959862
"51","pcfloor",2,0.343206752031261,0.337821871880605,0.332801271759196
"52","eschild",2,0.304205961146739,0.267667167093468,0.0019832123496754
"53","jschild",2,0.16450019555326,0.191968511464001,-0.164584274285884
"54","sschild",2,0.0784370005818343,0.106614132229323,0.644634132571994
"55","connected",2,0.110598597786216,0.193153826917226,-0.194054793188095
"56","hhmale",2,-0.270868245599139,-0.586233036370068,0.814392867693948
"57","hhmarried",2,0.892016499876355,1.03318674972689,0.221323890881342
"58","hheduc2",2,0.374697726384119,0.348058634255077,0.306959407214373
"59","hheduc3",2,0.467711916105707,0.368098539241738,0.474902041425179
"60","hheduc4",2,0.187391387143202,0.0948681466470438,0.906673671994307
"61","higheduc2",2,-0.31629246231237,-0.356122363059659,-0.163234252667012
"62","higheduc3",2,-0.391601434182955,-0.405815643548095,-0.753942680052693
"63","higheduc4",2,-0.447123370777626,-0.403573022481778,-0.655825271220412
"64","tfloor",2,0.58876903127365,0.547633271478657,0.507260933524048
"65","twall",2,0.537993812733241,0.535144483918098,0.632998636025607
"66","toilet",2,0.455777385503847,0.481661545255464,-0.0212048651842878
"67","water",2,-0.16859567987547,-0.219173316946843,-0.282883864863382
"68","lighting",2,0.428369154375709,0.37885377174972,0.444330599121328
"69","troof",2,-0.460569165961432,-0.380951639144406,-0.0364255600861848
"70","fcook",2,0.369926164065956,0.342620242529657,0.798218511436232
"71","house",2,0.132295310238536,0.0924705714580045,-0.00120869216242428
"72","computer",2,0.816134659985861,0.934970490252891,0.406216728227884
"73","radio",2,0.186168346656387,0.190203498359592,-0.238398521705694
"74","tv",2,0.823276197162133,0.765071366724679,0.448323298660853
"75","dvd",2,-0.0728393411376717,-0.0312672587478904,0.385797290715977
"76","satellite",2,-0.00464316080385073,0.0852056525899932,-0.623168307581994
"77","ac",2,1.00154997678512,-1.12624645123746,2.6221911337301
"78","gas",2,0.499297233454918,0.522336345574027,0.739043710508289
"79","refrigerator",2,0.356370487974244,0.283105759443149,1.5827361854223
"80","bicycle",2,-0.0866762478950369,-0.191674162746465,0.0932707036461662
"81","motorcycle",2,0.859536706995571,0.793101569786812,1.21155209473169
"82","auto",2,1.48843701539264,1.6301376108548,1.95825670140484
"83","hp",2,0.231373398501086,0.241970189808806,-0.102305696606181
"84","jewelry",2,-0.0593428009611921,-0.0746645914881185,0.576253797757936
"85","chicken",2,0.12599716469685,0.0942634735305937,-0.00812847653286615
"86","cow",2,0.535247919393341,0.537007947387431,0.810795881476531
"87","credit",2,0.174225689397201,0.125408850826388,0.401497181674074
"88","hhsector1",2,-0.647547439269144,-0.0575224827845043,-0.841193492937454
"89","hhsector2",2,-0.611425203932495,0.0663237190059861,-0.840677873169615
"90","hhsector3",2,-0.642889434661678,0.0110782428404559,-0.860534941367088
"91","formal",2,1.40549648584492,0.642349073024714,1.46364224375944
"92","informal",2,1.29928911059825,0.56495352870898,1.26830145295138
"93","hhsize",3,-0.166652095315644,-0.101964070094516,-0.128527435962237
"94","hhage",3,0.430613014045635,0.488740012833174,0.42265945764864
"95","age04",3,-0.1236844084029,-0.328536599838958,0.0386735566970748
"96","depratio",3,0.176521092339896,0.424022038080541,0.0521516368301099
"97","pcfloor",3,0.590128808993175,0.979465145776279,0.24013627850091
"98","eschild",3,0.0364301178703309,0.0450602170378444,-0.0394600315985538
"99","jschild",3,-0.0617951468227667,-0.144593761701804,-0.0925409863360825
"100","sschild",3,0.200393501179122,0.209622118284982,0.317667376061654
"101","connected",3,-0.143932041925671,-0.243826076647783,0.0899318873503228
"102","hhmale",3,0.211710722413512,1.37030338035622,-0.0172085586747531
"103","hhmarried",3,0.639378258834862,0.544810730336214,0.830053914180658
"104","hheduc2",3,0.034284469927022,-0.0176495547878885,0.147100751495849
"105","hheduc3",3,0.359950242816509,0.367758831557606,0.299500383786077
"106","hheduc4",3,0.326381830758479,0.306389610845055,0.455666460829475
"107","higheduc2",3,0.311064705344407,0.454647870032068,0.222279223064138
"108","higheduc3",3,0.120764504694462,0.16355522036982,0.361275586727927
"109","higheduc4",3,0.604942609020877,0.990178548008995,0.438545224042435
"110","tfloor",3,0.411051160628812,0.484041172388945,0.440117300185406
"111","twall",3,0.655720214790205,0.956615636493289,0.322328361930333
"112","toilet",3,0.362583212616412,0.566700216177397,0.228919340171521
"113","water",3,-0.14242097693419,-0.256309205146267,0.181035947818818
"114","lighting",3,0.624670701937451,1.13053787836433,0.192217840699707
"115","troof",3,0.316572722411745,-0.0801998304407051,0.246361024422851
"116","fcook",3,0.210500159503677,0.25866270792297,0.00944325734442497
"117","house",3,0.51614729660105,0.728796689639341,0.53603093060122
"118","computer",3,0.961817237269465,1.88318097542785,0.542365761213512
"119","radio",3,0.156932221089151,0.207987548265802,-0.0570038089790672
"120","tv",3,0.157850807762217,0.0746314217877262,0.11956130952269
"121","dvd",3,-0.0118876822952293,-0.0783403160201339,0.15503567556569
"122","satellite",3,0.158796704874964,0.324970656566066,0.19548845847744
"123","ac",3,0.239416099712146,1.0365809293558,0.240850882327249
"124","gas",3,0.175038631905043,0.156020928269552,0.340582075877948
"125","refrigerator",3,0.32131301158411,0.497571767357149,0.429608013549277
"126","bicycle",3,0.191445076194691,0.353900210591205,-0.102094678021476
"127","motorcycle",3,0.651046892606696,1.00284562744553,0.393483374075258
"128","auto",3,0.705999564211571,0.367839846725365,1.15371389272073
"129","hp",3,0.117066360265577,0.0842089800062586,0.305598219331769
"130","jewelry",3,0.140822577367346,0.196726074370773,0.095886660792476
"131","chicken",3,-0.0607573196356871,-0.0354232466016535,0.0535469691800448
"132","cow",3,0.387620311566648,0.493706702352238,0.576029010772835
"133","credit",3,-0.000248781000941387,0.183520001488206,-0.228641681377342
"134","hhsector1",3,-0.145571697373472,-0.815538763092927,0.425324770969133
"135","hhsector2",3,-0.16966854174246,-0.853487724933177,-0.0278650770471081
"136","hhsector3",3,-0.0254948925299278,-0.44388926083151,0.170881065078623
"137","formal",3,0.0168624387853126,-1.06906640441285,0.552575707836955
"138","informal",3,-0.0313944488251799,-0.991249892526231,0.338455809512136
"139","hhsize",4,-0.503534110760234,-0.469346212126314,-0.38285463018891
"140","hhage",4,0.355947717647824,0.38982231321548,0.283739809510241
"141","age04",4,0.581671047433181,0.619626128137939,-0.323367335503111
"142","depratio",4,-0.476491790697459,-0.539830580763742,0.208982606489433
"143","pcfloor",4,0.325590440013185,0.305074599157183,0.334636196024883
"144","eschild",4,0.39119402028191,0.420166075994538,0.141970745032271
"145","jschild",4,0.0547787900403435,0.0607789974190817,0.113566880815175
"146","sschild",4,0.134818549744146,0.141291542094147,0.0225348773329023
"147","connected",4,-0.0217274434412825,0.0122992958239106,-0.276763657763117
"148","hhmale",4,0.129478200822945,0.243088226253345,-0.246062370777077
"149","hhmarried",4,0.822554719945156,0.600397136049017,2.06738276498651
"150","hheduc2",4,-0.0719258261819566,-0.0813645157724904,0.15139164489152
"151","hheduc3",4,-0.0289703352769786,-0.008357745864585,-0.218919259651796
"152","hheduc4",4,0.366826044402533,0.354501392124519,-0.0255382488220884
"153","higheduc2",4,0.00503202416052495,0.0480330541462303,-0.787492125717446
"154","higheduc3",4,-0.0578419869299051,-0.0379553927941523,-0.489531649945258
"155","higheduc4",4,0.214376472191191,0.236900380326696,-0.157249840669271
"156","tfloor",4,0.509088187772769,0.420122406377106,0.929702725962509
"157","twall",4,0.496360258989951,0.517117161863621,0.653442819999603
"158","toilet",4,0.435573647551295,0.416181399211523,0.415976990868648
"159","water",4,-0.186876240466466,-0.222725771951244,-0.232805803513025
"160","lighting",4,0.715867112005472,0.677709866569564,0.299781314884583
"161","troof",4,0.824425298993063,0.796088859412792,0.664511765377083
"162","fcook",4,0.435840418304123,0.452068259428585,0.599036363679241
"163","house",4,0.287251780332124,0.200122517633565,0.613476052698008
"164","computer",4,1.64513953714339,1.47698054309455,1.84910617703162
"165","radio",4,0.0475936487336983,0.06650133220921,-0.372803466662736
"166","tv",4,0.288630309523591,0.287821879666215,-0.485229606161248
"167","dvd",4,0.0721065838141474,0.0510486163371092,0.292096372477264
"168","satellite",4,0.0487408650831409,0.00330903651592809,0.301095780063703
"169","ac",4,1.19013649669159,2.22492284115407,-0.0461424766692619
"170","gas",4,-0.0844776725798774,-0.0801662423798656,0.0268123598744089
"171","refrigerator",4,0.567727956223961,0.524266852348596,1.31962902333631
"172","bicycle",4,-0.0541093708969092,-0.0571994070812736,-0.110428451728042
"173","motorcycle",4,0.673306425740493,0.634658998129321,0.913833164497434
"174","auto",4,0.804127728844328,0.745746592073058,0.692199106098866
"175","hp",4,0.304930722872355,0.276735469114759,0.369624811189081
"176","jewelry",4,0.186894162301544,0.1592064275525,0.409299442741165
"177","chicken",4,0.355625096219373,0.312291798491826,0.474446483819641
"178","cow",4,0.607143900290192,0.625132762109021,0.0177109678321077
"179","credit",4,-0.111165629530164,-0.0442803365231997,-0.137024618407811
"180","hhsector1",4,0.885130564001265,0.81723187977193,0.660291067992395
"181","hhsector2",4,0.550559892882251,0.528389928135877,-0.0910499812604737
"182","hhsector3",4,0.71133375864008,0.7385337854787,0.0831765155964022
"183","formal",4,0.0117159119422352,-0.0105914445757373,-0.364826931233526
"184","informal",4,0.168539557269427,0.151379929413656,-0.691217489234837
"185","hhsize",5,-0.559895681184173,-0.509956782632662,-0.349642803351141
"186","hhage",5,0.239927879847946,0.168836983026228,0.266147190327144
"187","age04",5,-0.0712694108231902,-0.193447928181741,0.0145118028227441
"188","depratio",5,0.191152132080388,0.387890264997906,-0.0154877276818199
"189","pcfloor",5,0.871331769198783,1.07210736392048,0.498397439791106
"190","eschild",5,0.0454835577445598,-0.0240672062321863,-0.030016599239932
"191","jschild",5,0.0536785680697251,0.0659489920839474,-0.12181589652036
"192","sschild",5,0.0583383678034894,0.114449349022881,0.10559185653882
"193","connected",5,-0.292075301046191,-0.358150850409406,-0.148350595411673
"194","hhmale",5,0.0147822373669898,0.0892593027788202,0.146784203903354
"195","hhmarried",5,1.19233936527117,1.16295645886856,1.37796989560211
"196","hheduc2",5,0.0135757076035503,0.119096467870101,0.0215990294763953
"197","hheduc3",5,0.153075163085066,0.195462521712632,0.0798014082611151
"198","hheduc4",5,0.270751907959054,0.12770769251617,0.425728403163856
"199","higheduc2",5,-0.478983798457991,-1.05521109370421,-0.0723391397070878
"200","higheduc3",5,0.0131839263759364,-0.415627206151115,-0.0334693382461069
"201","higheduc4",5,0.323228638617664,-0.0134788736904652,0.292507550686647
"202","tfloor",5,0.272141390406036,0.322343710493716,0.2375735139858
"203","twall",5,0.619763528617646,0.77017180225486,0.181894705614281
"204","toilet",5,0.738551048894442,0.838921119308001,0.433361025936923
"205","water",5,-0.304602452591562,-0.331486293603401,-0.250902157708854
"206","lighting",5,0.927014862948013,1.14354970057661,0.651418619676514
"207","troof",5,0.353911182055356,0.143710115646321,0.977157801648372
"208","fcook",5,0.397166843544239,0.335516810977691,0.374438966149146
"209","house",5,0.463597617802902,0.46868064264987,0.424602221553989
"210","computer",5,0.681750210996309,0.512117143904283,0.951221503002193
"211","radio",5,-0.193483345163315,-0.249062668158998,0.138307660971388
"212","tv",5,0.206299557443934,0.336694821947391,0.0155334796435435
"213","dvd",5,0.418302084852478,0.487727160740507,0.138002117568616
"214","satellite",5,0.484682206355466,0.390589031549076,0.37501841313292
"215","ac",5,1.59672069932388,0.448404470608463,1.91497508608827
"216","gas",5,0.804777924381349,1.00875634602658,0.403028818156742
"217","refrigerator",5,0.364107563448364,0.239530811385469,0.59413311979103
"218","bicycle",5,0.211611437953854,0.309288001080036,-0.0612241420716091
"219","motorcycle",5,0.728633023354296,0.938124865205151,0.741618543045869
"220","auto",5,0.582130955306504,0.339403393600066,1.05094906875876
"221","hp",5,-0.0282122387010978,-0.110438554738891,0.264420508236278
"222","jewelry",5,0.653674477804176,0.77035030783452,0.180891579347058
"223","chicken",5,-0.362710791788298,-0.510306444954136,0.191595131342325
"224","cow",5,0.43524650205506,0.440304917897203,0.505912390352811
"225","credit",5,-0.211807571800518,-0.641823493046023,0.395094170160621
"226","hhsector1",5,0.680739244706911,1.41982433568233,0.21394594079698
"227","hhsector2",5,0.185725935138311,0.750343898245428,0.191032336526373
"228","hhsector3",5,0.321949242128038,0.862791260009032,0.570406465296724
"229","formal",5,0.205932963192842,-0.340470688126331,-0.0409488275426563
"230","informal",5,-0.273629389914796,-0.970821466582294,0.027600368326553
"231","hhsize",6,-0.120782812770136,-0.0887547817358965,-0.293030140137513
"232","hhage",6,0.204614218557159,0.158694623965258,0.309434237356134
"233","age04",6,-0.0108463542349706,-0.0379154902394392,-0.0910715233796785
"234","depratio",6,-0.091490731008575,-0.214657389131838,0.359668491827196
"235","pcfloor",6,-0.0306399282235339,-0.0352046782580868,0.348303977099146
"236","eschild",6,-0.156099566740249,-0.221324252864838,-0.122406838250746
"237","jschild",6,-0.0160169168970703,0.000615191258825843,-0.234959686114853
"238","sschild",6,0.0653551390635123,0.0666827370907272,0.0894108116114231
"239","connected",6,-0.0749073224807074,-0.0580490488856418,-0.280863367409486
"240","hhmale",6,0.21589820996903,0.574658140158844,-0.14736007305083
"241","hhmarried",6,0.462647861684118,0.348556264902244,0.962421320493353
"242","hheduc2",6,0.019304281523657,-0.00581385184761291,0.28993510302958
"243","hheduc3",6,0.162588513234546,0.1889178034261,0.373076717741579
"244","hheduc4",6,0.575121904891661,0.863650105801006,0.41599871783704
"245","higheduc2",6,-0.355023965384352,-0.594566978572139,-0.593304132077869
"246","higheduc3",6,-0.291864069539941,-0.470187254251169,-0.31617534080344
"247","higheduc4",6,-0.282131921639554,-0.571399017986561,0.00531569868493932
"248","tfloor",6,0.438428640658141,0.358239700140579,0.612930326254145
"249","twall",6,0.241954587725302,0.318861963345766,0.306810665305253
"250","toilet",6,0.331885213591178,0.465463253456395,0.546529784448259
"251","water",6,-0.15055979945756,-0.242622812823503,-0.0643119335240596
"252","lighting",6,0.42819840047932,0.630413856119288,0.342892246386334
"253","troof",6,0.108766722501695,0.268808212674909,0.182815383183618
"254","fcook",6,0.450463851524053,0.61503515871766,-0.152430536110256
"255","house",6,0.416860733966854,0.510369283781652,0.437857490629842
"256","computer",6,0.472641951168362,0.63512473691906,0.764451106982933
"257","radio",6,-0.0453206148040855,-0.0916170884295017,-0.091777278510197
"258","tv",6,-0.0903676113568309,-0.131351738224748,-0.230321735049891
"259","dvd",6,0.101848295801566,0.136384131220387,0.437313664782671
"260","satellite",6,0.372049906846369,0.682315201038617,0.279893602455826
"261","ac",6,1.2028677268702,1.00079879437671,1.92793413917544
"262","gas",6,0.372514085801245,0.505626260436332,0.393969333207673
"263","refrigerator",6,0.501767707672503,0.684548179640557,0.750360013063404
"264","bicycle",6,0.0409414567147937,0.0722861050882465,0.0886567436803384
"265","motorcycle",6,0.208826200163392,0.259984950034676,0.531031605127921
"266","auto",6,1.08355161091536,1.38306722139764,1.63072192968631
"267","hp",6,0.519417497741052,0.757197673148411,0.182957909331537
"268","jewelry",6,0.234835986261385,0.316717475540775,0.0440608938014052
"269","chicken",6,0.0305071652071851,0.0706403486582114,-0.0272536616907281
"270","cow",6,0.374668744357104,0.556196266508031,0.348249257436698
"271","credit",6,-0.277045465711496,-0.52487527905994,0.0429505689997327
"272","hhsector1",6,0.46423016438743,-0.0872079221821719,0.616021146350767
"273","hhsector2",6,0.290902178091957,-0.377053965870382,0.814368129291916
"274","hhsector3",6,0.305202241422133,-0.255979092148515,0.743167614645159
"275","formal",6,0.0979523624286599,0.101873112553164,0.539146175004416
"276","informal",6,0.0131658352080381,0.019495251122722,0.287294032474128
"277","hhsize",7,-0.746418584714327,-0.821103444204814,-0.187788686235464
"278","hhage",7,0.746027500463301,0.855595257744055,0.59840681033591
"279","age04",7,0.214987023217339,0.43442495222134,-0.112655528859752
"280","depratio",7,0.00803630434066816,-0.272961846268391,0.761030375014836
"281","pcfloor",7,0.803612642773454,0.689402972838715,0.543334194813439
"282","eschild",7,0.455335347201834,0.556297412114893,-0.253109279661321
"283","jschild",7,-0.0729103613615024,0.0250682809261552,0.0538649758715394
"284","sschild",7,0.377749592385768,0.292347906113768,0.509654816688421
"285","connected",7,0.391197208358484,0.351829084279204,0.249972630581746
"286","hhmale",7,0.422491907357437,-0.286466413772672,1.27794769501796
"287","hhmarried",7,1.24722963782773,1.26736310473132,1.51016029605201
"288","hheduc2",7,0.272430557093968,0.380371727697811,0.269496666141343
"289","hheduc3",7,0.447627642670943,0.711877403272194,-0.0870062690566318
"290","hheduc4",7,0.598535254340052,0.825175057672484,-0.0661969144180686
"291","higheduc2",7,-0.517169016215105,-0.150535059792838,-0.916977049583463
"292","higheduc3",7,0.0567431162480405,0.152907390606848,-0.200276138821134
"293","higheduc4",7,-0.0800442282677007,-0.0329085079491875,0.0311823869097951
"294","tfloor",7,1.24354233069557,1.11246021062536,0.987274225381393
"295","twall",7,0.573312763436541,0.418616465301029,0.791274707385701
"296","toilet",7,0.658328264183671,0.703703195140637,0.144929929260579
"297","water",7,-0.105207074370246,-0.347328330251971,1.08922431643833
"298","lighting",7,0.226141794864278,0.0677245553555163,0.600940716029518
"299","troof",7,0.202307569078194,0.213388546645259,-0.213963950535566
"300","fcook",7,0.306189647868988,0.349465033525945,-0.0103154690368303
"301","house",7,0.273861253669542,0.294679012063081,0.439424632072555
"302","computer",7,0.796469682303246,0.73433286123916,0.692245008134185
"303","radio",7,0.012992960403208,-0.0234950476691221,0.299813528427613
"304","tv",7,0.648187897707655,0.747633708039637,0.106543554351957
"305","dvd",7,0.230479780843896,0.175068919040155,0.213118534519926
"306","satellite",7,0.468207435098088,0.688525000506156,-0.178012188833603
"307","ac",7,2.6727127652222,1.78018227690477,2.78491952789076
"308","gas",7,0.310213360234593,0.140666159890297,0.675014119197249
"309","refrigerator",7,0.528171006726064,0.335980306865192,0.749337458183945
"310","bicycle",7,0.115930285871158,0.163283408278427,-0.359927135335616
"311","motorcycle",7,1.11451279401049,1.05115028001409,1.03807906228905
"312","auto",7,1.74706183107475,1.57846151679913,1.39635822827558
"313","hp",7,0.206679274240661,0.256494154347272,-0.200446823252553
"314","jewelry",7,0.0367615694271066,-0.087494097767288,0.516428808533733
"315","chicken",7,-0.285939237992952,-0.3559028387469,-0.0354714581734388
"316","cow",7,0.493294175279848,0.681928147053435,0.065195306755144
"317","credit",7,-0.215622586600681,-0.0488427719213106,-0.372826235749308
"318","hhsector1",7,0.86790756803766,-0.709206811105385,1.13786150814401
"319","hhsector2",7,0.665035265842824,-0.857557261361851,0.651311583982202
"320","hhsector3",7,0.649713706702152,-1.02391913920897,0.775707441501518
"321","formal",7,-1.05353321667249,1.64550576771184,-1.70492059101103
"322","informal",7,-1.15641987413323,1.54554702890925,-1.87839578555991
"323","hhsize",8,-0.195995110399707,-0.425292167042474,0.0760179969996629
"324","hhage",8,0.299804426250939,0.389231226433373,0.197221384464461
"325","age04",8,-0.20583304897731,-0.108782564144887,-0.0815146947397413
"326","depratio",8,0.206449971904576,0.223758010861301,0.0519120032303937
"327","pcfloor",8,0.319733340730372,0.322674305766034,0.37394270950186
"328","eschild",8,-0.00515659156640215,-0.0469374226859613,0.327244714312482
"329","jschild",8,-0.101752118241898,-0.0862231481930758,-0.00337239509254286
"330","sschild",8,0.107708482674009,0.12668249721816,0.139234389819189
"331","connected",8,0.044783648495401,0.075943453643385,0.098195716822948
"332","hhmale",8,0.132370013250605,-0.848466018987193,0.937861407575922
"333","hhmarried",8,0.663340889863645,1.37990217983912,0.260057485195103
"334","hheduc2",8,0.00117431092294687,-0.0575618281611994,-0.000983906256521037
"335","hheduc3",8,-0.0973905396897156,-0.0861455676225959,-0.191646602167981
"336","hheduc4",8,0.14565725599908,0.0119972325035664,0.541695814647654
"337","higheduc2",8,-0.330067352462847,0.167919305636101,-0.491824974142962
"338","higheduc3",8,-0.201060834799517,0.245206131165291,-0.267942615724967
"339","higheduc4",8,-0.0643804670082388,0.534282816998808,-0.250534896747393
"340","tfloor",8,0.469395317257999,0.581125786972,0.717305103787771
"341","twall",8,0.218072985564331,0.314323303685192,0.168538118658956
"342","toilet",8,0.376508472036013,0.423227968601373,0.242706591300245
"343","water",8,-0.0930330294108468,-0.123308051777547,-0.0129321280573067
"344","lighting",8,0.47103703567023,0.648832629966833,0.156507385725238
"345","troof",8,0.0374613304254356,0.100896671834746,-0.121218726631744
"346","fcook",8,0.0925798794172803,0.0836951594186678,0.156291610239245
"347","house",8,0.31356351931016,0.502790576765885,0.221980497339589
"348","computer",8,0.392987845463738,0.341222437342619,0.51089490655687
"349","radio",8,0.0165235522550685,0.00518002324487374,0.283330110917914
"350","tv",8,0.0785370758739875,-0.0384144878874897,0.323153388028548
"351","dvd",8,0.191980160900257,0.213087740198628,-0.153017268063673
"352","satellite",8,0.0190439621164738,0.119848055805319,0.0345882777632746
"353","ac",8,0.965772744139556,2.34801903876457,0.355924225223991
"354","gas",8,0.157685049148355,0.106547682118004,0.113550667816283
"355","refrigerator",8,0.381745813827852,0.378869753197048,0.33627055540628
"356","bicycle",8,-0.24267540151108,-0.187185966404117,-0.437029740803879
"357","motorcycle",8,0.79890661533463,1.06613029905899,0.330116898437901
"358","auto",8,1.13513191217538,1.0290729513581,1.21228761441179
"359","hp",8,0.196192564131923,0.126120519972745,0.413617350986586
"360","jewelry",8,0.130045869559716,0.0847808573036421,0.153035702829313
"361","chicken",8,-0.0433442321980256,-0.00722664057960786,-0.0409517857151994
"362","cow",8,0.617334110474981,0.877000838102928,0.327246652317326
"363","credit",8,-0.216175291808964,-0.0969424091363007,-0.527518776828352
"364","hhsector1",8,0.566679025323791,-0.691952074476824,0.837515443072777
"365","hhsector2",8,0.60518792039314,-0.599315800754079,0.549608019707083
"366","hhsector3",8,0.742945713075963,-0.547957522274343,0.774241039674522
"367","formal",8,-0.876668666436064,1.2936983910596,-1.25490590786568
"368","informal",8,-1.11076870652872,1.01670383352193,-1.31130786594472
"369","hhsize",9,-0.136075129649659,-0.121028530301991,-0.290577059866728
"370","hhage",9,0.121306779403695,0.0653973030090975,0.449826638749887
"371","age04",9,-0.071296260943094,-0.12017887745679,-0.110158718665488
"372","depratio",9,0.0872054956570938,0.12146254258341,-0.106500975734957
"373","pcfloor",9,0.606923708079875,0.661973202610186,0.370163906499597
"374","eschild",9,-0.0453554355608686,-0.046147515132046,0.0474926300553491
"375","jschild",9,-0.243571468002423,-0.237785277133577,-0.208133806558566
"376","sschild",9,0.0942155615275587,0.0342449733776622,0.0378238706547368
"377","connected",9,-0.258186639106735,-0.245801495980879,-0.0890780763967335
"378","hhmale",9,-0.478837809123141,-0.402682562468506,-0.292248760151536
"379","hhmarried",9,1.04256979757971,0.945693930602933,1.46809465057403
"380","hheduc2",9,0.279483024472913,0.191088489736046,0.355615876921231
"381","hheduc3",9,0.0905554339072551,-0.110021120724501,0.58522568756888
"382","hheduc4",9,0.576657209259888,0.416429121528564,1.00865711107176
"383","higheduc2",9,-0.233814861657401,-0.0211511292303951,-0.430657190952822
"384","higheduc3",9,-0.0170694046809704,0.27095596952909,-0.782793300166785
"385","higheduc4",9,0.095939173747873,0.45443835116996,-0.943303287991488
"386","tfloor",9,0.47729154012689,0.352709406881934,0.88266496961621
"387","twall",9,0.113535131027818,0.11652691247912,0.140072072026927
"388","toilet",9,0.74587670142392,0.711909141815118,1.02607155522676
"389","water",9,0.0241193560008089,-0.0634736547118314,0.0669864288277059
"390","lighting",9,0.227889005107906,0.183923592707705,0.0493018787547848
"391","troof",9,0.0081709783082547,-0.131482272581726,-0.360877958850697
"392","fcook",9,0.254040309706975,0.201954134672959,0.308741518248538
"393","house",9,0.75821048841091,0.682809467810933,0.605991095831037
"394","computer",9,1.00777882243027,1.12966221603924,0.622056506612953
"395","radio",9,0.232061209753246,0.22735712130775,0.0467419122570104
"396","tv",9,0.466566518677052,0.425198718996259,0.55967468184069
"397","dvd",9,0.103332863291531,0.105942245292158,-0.0647865444465696
"398","satellite",9,-0.197426746434107,-0.208617688042293,0.0908443810095548
"399","ac",9,-0.290533121485581,0.0709360887978236,-0.568765164765075
"400","gas",9,0.356075710215752,0.369386955601777,0.197904961839728
"401","refrigerator",9,0.769979601991255,0.804556826108931,0.874464238354402
"402","bicycle",9,-0.126392762547606,-0.120065018248834,0.070322703745811
"403","motorcycle",9,0.538736684721181,0.544702116031268,0.478600033719791
"404","auto",9,0.610313268170267,0.23544346344565,1.79565120962616
"405","hp",9,0.141889235826297,0.0786021538461581,0.066655624474015
"406","jewelry",9,0.105015449902134,0.11441607332909,0.127879185740642
"407","chicken",9,0.0587349264744672,0.0715817158526493,0.087769727408179
"408","cow",9,0.554406206972968,0.609689256732454,-0.0313117953667208
"409","credit",9,-0.0602859120872039,-0.129670543743057,0.468534051383405
"410","hhsector1",9,-0.230244405593914,1.16164476020876,-0.574049250668026
"411","hhsector2",9,-0.353983374894077,1.03189110430592,-0.701437323909136
"412","hhsector3",9,-0.367671566199538,1.01549611402692,-0.537233229352103
"413","formal",9,1.31930450619487,-0.376073641417748,1.24571583589586
"414","informal",9,0.968071014988333,-0.753823906175426,1.13245936735774
"415","hhsize",10,-0.0968516180253416,-0.289901514416516,-0.0806335320284678
"416","hhage",10,0.381619229768322,0.738489249992991,1.41214203978616e-05
"417","age04",10,-0.118518925925526,-0.11875233073783,-0.186319234648715
"418","depratio",10,0.110302419547825,0.175803714070322,0.0801451237393977
"419","pcfloor",10,0.340383010467789,0.437659266666038,0.308890454619737
"420","eschild",10,-0.0718840325863075,-0.0732353786484683,-0.00642290272905125
"421","jschild",10,0.0760220046009784,0.115454039564392,-0.121212006436593
"422","sschild",10,0.337009242571212,0.548166227878483,0.144426755347467
"423","connected",10,0.126675082459181,0.314123525120398,-0.433531080484418
"424","hhmale",10,0.032333309031178,-0.247369129501127,0.39320247926517
"425","hhmarried",10,0.825519277522094,1.32421781038051,0.638243264395411
"426","hheduc2",10,0.419398155298287,0.576913480036046,0.16639393160288
"427","hheduc3",10,0.357271497285254,0.487383174762861,0.423287113961433
"428","hheduc4",10,0.00478415877808518,-0.160094662942508,0.747191585763916
"429","higheduc2",10,-0.419327864649448,-0.616287238554179,-0.201149651242535
"430","higheduc3",10,-0.43724210988262,-0.708490331903893,-0.166442939294991
"431","higheduc4",10,-0.206245369692465,-0.304268133962938,0.0506003790222342
"432","tfloor",10,0.326836531991407,0.423589784367745,0.72988779908083
"433","twall",10,0.595457442510406,0.94880303029011,0.375465670034706
"434","toilet",10,0.768793761046126,1.16320992278214,0.595727099848378
"435","water",10,-0.119456974569707,-0.141756528416143,0.268055454734372
"436","lighting",10,0.160601330458007,0.295497938395109,0.254194930952336
"437","troof",10,0.324884669258246,0.514714162207908,0.384630730128785
"438","fcook",10,0.175611380966012,0.284053555759136,0.130692881483937
"439","house",10,0.356406145408626,0.45486554295462,0.788917310861766
"440","computer",10,0.716939009407614,1.27137574077227,0.0818680637728453
"441","radio",10,-0.234871540565646,-0.272918161810229,0.0951456691240865
"442","tv",10,-0.10147646330659,-0.0752018453956811,-0.0966362487993366
"443","dvd",10,0.270590386550626,0.33700263170708,0.0640184396790465
"444","satellite",10,0.686139237318668,1.21141410826785,0.243414708132276
"445","ac",10,2.46552396563766,1.51963404654262,3.05171562194837
"446","gas",10,0.192106765382895,0.277674836571233,0.204692673836069
"447","refrigerator",10,0.407179989319762,0.495450533110756,0.483934440066409
"448","bicycle",10,-0.156194962968385,-0.173911511413611,-0.0318406906081089
"449","motorcycle",10,0.707993826320722,0.991678637112729,0.536473245656989
"450","auto",10,1.33047412068191,1.90448479657229,0.96786126497099
"451","hp",10,0.146477515494257,0.271736528872427,-0.0273076265148221
"452","jewelry",10,0.0599594781816601,0.128631790278143,0.0395365408764515
"453","chicken",10,-0.0216261587066865,-0.091121618435877,0.369431499361891
"454","cow",10,0.607447938503372,0.973932731990511,0.189002045328558
"455","credit",10,-0.088586515755013,-0.115118398458032,-0.00397638594327729
"456","hhsector1",10,0.00939103536866292,1.69039080985474,-0.560113920676036
"457","hhsector2",10,-0.252559529471207,1.5557013336777,-1.12095474981532
"458","hhsector3",10,-0.334886640378399,1.16354850057491,-0.454183076070184
"459","formal",10,-0.0750820998852058,-1.09136076601829,-0.217520181500897
"460","informal",10,0.0145901952475596,-0.992621481898582,-0.489629674993307
