"","Sensitivity","Specificity","Pos Pred Value","Neg Pred Value","Precision","Recall","F1","Prevalence","Detection Rate","Detection Prevalence","Balanced Accuracy","Method","CBT_ncomm","TD","rep"
"1",0.616438356164384,0.898550724637681,0.616438356164384,0.898550724637681,0.616438356164384,0.616438356164384,0.616438356164384,0.209169054441261,0.128939828080229,0.209169054441261,0.757494540401032,"Hybrid Score",5,0.514989080802065,1
"2",0.534246575342466,0.876811594202899,0.534246575342466,0.876811594202899,0.534246575342466,0.534246575342466,0.534246575342466,0.209169054441261,0.111747851002865,0.209169054441261,0.705529084772682,"CBT Score",5,0.411058169545364,1
"3",0.452054794520548,0.855072463768116,0.452054794520548,0.855072463768116,0.452054794520548,0.452054794520548,0.452054794520548,0.209169054441261,0.0945558739255014,0.209169054441261,0.653563629144332,"PMT OLS",5,0.307127258288664,1
"4",0.328767123287671,0.822463768115942,0.328767123287671,0.822463768115942,0.328767123287671,0.328767123287671,0.328767123287671,0.209169054441261,0.0687679083094556,0.209169054441261,0.575615445701807,"CBT Probit",5,0.151230891403613,1
"5",0.6,0.877934272300469,0.6,0.877934272300469,0.6,0.6,0.6,0.233812949640288,0.140287769784173,0.233812949640288,0.738967136150235,"Hybrid Score",5,0.477934272300469,2
"6",0.615384615384615,0.882629107981221,0.615384615384615,0.882629107981221,0.615384615384615,0.615384615384615,0.615384615384615,0.233812949640288,0.143884892086331,0.233812949640288,0.749006861682918,"CBT Score",5,0.498013723365836,2
"7",0.476923076923077,0.84037558685446,0.476923076923077,0.84037558685446,0.476923076923077,0.476923076923077,0.476923076923077,0.233812949640288,0.111510791366906,0.233812949640288,0.658649331888769,"PMT OLS",5,0.317298663777537,2
"8",0.461538461538462,0.835680751173709,0.461538461538462,0.835680751173709,0.461538461538462,0.461538461538462,0.461538461538462,0.233812949640288,0.107913669064748,0.233812949640288,0.648609606356085,"CBT Probit",5,0.29721921271217,2
"9",0.462962962962963,0.857843137254902,0.462962962962963,0.857843137254902,0.462962962962963,0.462962962962963,0.462962962962963,0.209302325581395,0.0968992248062016,0.209302325581395,0.660403050108932,"Hybrid Score",5,0.320806100217865,3
"10",0.537037037037037,0.877450980392157,0.537037037037037,0.877450980392157,0.537037037037037,0.537037037037037,0.537037037037037,0.209302325581395,0.112403100775194,0.209302325581395,0.707244008714597,"CBT Score",5,0.414488017429194,3
"11",0.425925925925926,0.848039215686274,0.425925925925926,0.848039215686274,0.425925925925926,0.425925925925926,0.425925925925926,0.209302325581395,0.0891472868217054,0.209302325581395,0.6369825708061,"PMT OLS",5,0.2739651416122,3
"12",0.388888888888889,0.838235294117647,0.388888888888889,0.838235294117647,0.388888888888889,0.388888888888889,0.388888888888889,0.209302325581395,0.0813953488372093,0.209302325581395,0.613562091503268,"CBT Probit",5,0.227124183006536,3
"13",0.585714285714286,0.871681415929204,0.585714285714286,0.871681415929203,0.585714285714286,0.585714285714286,0.585714285714286,0.236486486486486,0.138513513513514,0.236486486486486,0.728697850821745,"Hybrid Score",5,0.457395701643489,4
"14",0.585714285714286,0.871681415929204,0.585714285714286,0.871681415929203,0.585714285714286,0.585714285714286,0.585714285714286,0.236486486486486,0.138513513513514,0.236486486486486,0.728697850821745,"CBT Score",5,0.457395701643489,4
"15",0.485714285714286,0.84070796460177,0.485714285714286,0.84070796460177,0.485714285714286,0.485714285714286,0.485714285714286,0.236486486486486,0.114864864864865,0.236486486486486,0.663211125158028,"PMT OLS",5,0.326422250316056,4
"16",0.385714285714286,0.809734513274336,0.385714285714286,0.809734513274336,0.385714285714286,0.385714285714286,0.385714285714286,0.236486486486486,0.0912162162162162,0.236486486486486,0.597724399494311,"CBT Probit",5,0.195448798988622,4
"17",0.538461538461538,0.876543209876543,0.538461538461538,0.876543209876543,0.538461538461538,0.538461538461538,0.538461538461538,0.211038961038961,0.113636363636364,0.211038961038961,0.707502374169041,"Hybrid Score",5,0.415004748338082,5
"18",0.492307692307692,0.864197530864197,0.492307692307692,0.864197530864198,0.492307692307692,0.492307692307692,0.492307692307692,0.211038961038961,0.103896103896104,0.211038961038961,0.678252611585945,"CBT Score",5,0.35650522317189,5
"19",0.446153846153846,0.851851851851852,0.446153846153846,0.851851851851852,0.446153846153846,0.446153846153846,0.446153846153846,0.211038961038961,0.0941558441558442,0.211038961038961,0.649002849002849,"PMT OLS",5,0.298005698005698,5
"20",0.369230769230769,0.831275720164609,0.369230769230769,0.831275720164609,0.369230769230769,0.369230769230769,0.369230769230769,0.211038961038961,0.0779220779220779,0.211038961038961,0.600253244697689,"CBT Probit",5,0.200506489395378,5
"21",0.486111111111111,0.859848484848485,0.486111111111111,0.859848484848485,0.486111111111111,0.486111111111111,0.486111111111111,0.214285714285714,0.104166666666667,0.214285714285714,0.672979797979798,"Hybrid Score",5,0.345959595959596,6
"22",0.472222222222222,0.856060606060606,0.472222222222222,0.856060606060606,0.472222222222222,0.472222222222222,0.472222222222222,0.214285714285714,0.101190476190476,0.214285714285714,0.664141414141414,"CBT Score",5,0.328282828282828,6
"23",0.5,0.863636363636364,0.5,0.863636363636364,0.5,0.5,0.5,0.214285714285714,0.107142857142857,0.214285714285714,0.681818181818182,"PMT OLS",5,0.363636363636364,6
"24",0.444444444444444,0.848484848484849,0.444444444444444,0.848484848484849,0.444444444444444,0.444444444444444,0.444444444444444,0.214285714285714,0.0952380952380952,0.214285714285714,0.646464646464646,"CBT Probit",5,0.292929292929293,6
"25",0.524590163934426,0.863849765258216,0.524590163934426,0.863849765258216,0.524590163934426,0.524590163934426,0.524590163934426,0.222627737226277,0.116788321167883,0.222627737226277,0.694219964596321,"Hybrid Score",5,0.388439929192642,7
"26",0.573770491803279,0.877934272300469,0.573770491803279,0.877934272300469,0.573770491803279,0.573770491803279,0.573770491803279,0.222627737226277,0.127737226277372,0.222627737226277,0.725852382051874,"CBT Score",5,0.451704764103748,7
"27",0.459016393442623,0.845070422535211,0.459016393442623,0.845070422535211,0.459016393442623,0.459016393442623,0.459016393442623,0.222627737226277,0.102189781021898,0.222627737226277,0.652043407988917,"PMT OLS",5,0.304086815977834,7
"28",0.426229508196721,0.835680751173709,0.426229508196721,0.835680751173709,0.426229508196721,0.426229508196721,0.426229508196721,0.222627737226277,0.0948905109489051,0.222627737226277,0.630955129685215,"CBT Probit",5,0.26191025937043,7
"29",0.560606060606061,0.875536480686695,0.560606060606061,0.875536480686695,0.560606060606061,0.560606060606061,0.560606060606061,0.220735785953177,0.123745819397993,0.220735785953177,0.718071270646378,"Hybrid Score",5,0.436142541292756,8
"30",0.515151515151515,0.862660944206009,0.515151515151515,0.862660944206009,0.515151515151515,0.515151515151515,0.515151515151515,0.220735785953177,0.11371237458194,0.220735785953177,0.688906229678762,"CBT Score",5,0.377812459357524,8
"31",0.454545454545455,0.84549356223176,0.454545454545454,0.84549356223176,0.454545454545455,0.454545454545455,0.454545454545455,0.220735785953177,0.100334448160535,0.220735785953177,0.650019508388607,"PMT OLS",5,0.300039016777214,8
"32",0.348484848484849,0.815450643776824,0.348484848484849,0.815450643776824,0.348484848484849,0.348484848484849,0.348484848484849,0.220735785953177,0.0769230769230769,0.220735785953177,0.581967746130836,"CBT Probit",5,0.163935492261673,8
"33",0.657142857142857,0.901234567901235,0.657142857142857,0.901234567901235,0.657142857142857,0.657142857142857,0.657142857142857,0.223642172523962,0.146964856230032,0.223642172523962,0.779188712522046,"Hybrid Score",5,0.558377425044092,9
"34",0.542857142857143,0.868312757201646,0.542857142857143,0.868312757201646,0.542857142857143,0.542857142857143,0.542857142857143,0.223642172523962,0.121405750798722,0.223642172523962,0.705584950029394,"CBT Score",5,0.411169900058789,9
"35",0.442857142857143,0.839506172839506,0.442857142857143,0.839506172839506,0.442857142857143,0.442857142857143,0.442857142857143,0.223642172523962,0.0990415335463259,0.223642172523962,0.641181657848324,"PMT OLS",5,0.282363315696649,9
"36",0.485714285714286,0.851851851851852,0.485714285714286,0.851851851851852,0.485714285714286,0.485714285714286,0.485714285714286,0.223642172523962,0.108626198083067,0.223642172523962,0.668783068783069,"CBT Probit",5,0.337566137566138,9
"37",0.516666666666667,0.875536480686695,0.516666666666667,0.875536480686695,0.516666666666667,0.516666666666667,0.516666666666667,0.204778156996587,0.10580204778157,0.204778156996587,0.696101573676681,"Hybrid Score",5,0.392203147353362,10
"38",0.516666666666667,0.875536480686695,0.516666666666667,0.875536480686695,0.516666666666667,0.516666666666667,0.516666666666667,0.204778156996587,0.10580204778157,0.204778156996587,0.696101573676681,"CBT Score",5,0.392203147353362,10
"39",0.383333333333333,0.841201716738197,0.383333333333333,0.841201716738197,0.383333333333333,0.383333333333333,0.383333333333333,0.204778156996587,0.0784982935153584,0.204778156996587,0.612267525035765,"PMT OLS",5,0.224535050071531,10
"40",0.333333333333333,0.828326180257511,0.333333333333333,0.828326180257511,0.333333333333333,0.333333333333333,0.333333333333333,0.204778156996587,0.068259385665529,0.204778156996587,0.580829756795422,"CBT Probit",5,0.161659513590844,10
"41",0.619047619047619,0.901639344262295,0.619047619047619,0.901639344262295,0.619047619047619,0.619047619047619,0.619047619047619,0.205211726384365,0.127035830618893,0.205211726384365,0.760343481654957,"Hybrid Score",10,0.520686963309914,1
"42",0.571428571428571,0.889344262295082,0.571428571428572,0.889344262295082,0.571428571428571,0.571428571428571,0.571428571428571,0.205211726384365,0.117263843648208,0.205211726384365,0.730386416861827,"CBT Score",10,0.460772833723653,1
"43",0.428571428571429,0.852459016393443,0.428571428571428,0.852459016393443,0.428571428571429,0.428571428571429,0.428571428571429,0.205211726384365,0.0879478827361563,0.205211726384365,0.640515222482436,"PMT OLS",10,0.281030444964871,1
"44",0.349206349206349,0.831967213114754,0.349206349206349,0.831967213114754,0.349206349206349,0.349206349206349,0.349206349206349,0.205211726384365,0.0716612377850163,0.205211726384365,0.590586781160552,"CBT Probit",10,0.181173562321103,1
"45",0.581081081081081,0.882575757575758,0.581081081081081,0.882575757575758,0.581081081081081,0.581081081081081,0.581081081081081,0.218934911242604,0.127218934911243,0.218934911242604,0.731828419328419,"Hybrid Score",10,0.463656838656839,2
"46",0.527027027027027,0.867424242424242,0.527027027027027,0.867424242424242,0.527027027027027,0.527027027027027,0.527027027027027,0.218934911242604,0.115384615384615,0.218934911242604,0.697225634725635,"CBT Score",10,0.394451269451269,2
"47",0.513513513513513,0.863636363636364,0.513513513513513,0.863636363636364,0.513513513513513,0.513513513513513,0.513513513513513,0.218934911242604,0.112426035502959,0.218934911242604,0.688574938574939,"PMT OLS",10,0.377149877149877,2
"48",0.5,0.859848484848485,0.5,0.859848484848485,0.5,0.5,0.5,0.218934911242604,0.109467455621302,0.218934911242604,0.679924242424242,"CBT Probit",10,0.359848484848485,2
"49",0.6,0.9,0.6,0.9,0.6,0.6,0.6,0.2,0.12,0.2,0.75,"Hybrid Score",10,0.5,3
"50",0.616666666666667,0.904166666666667,0.616666666666667,0.904166666666667,0.616666666666667,0.616666666666667,0.616666666666667,0.2,0.123333333333333,0.2,0.760416666666667,"CBT Score",10,0.520833333333333,3
"51",0.466666666666667,0.866666666666667,0.466666666666667,0.866666666666667,0.466666666666667,0.466666666666667,0.466666666666667,0.2,0.0933333333333333,0.2,0.666666666666667,"PMT OLS",10,0.333333333333333,3
"52",0.583333333333333,0.895833333333333,0.583333333333333,0.895833333333333,0.583333333333333,0.583333333333333,0.583333333333333,0.2,0.116666666666667,0.2,0.739583333333333,"CBT Probit",10,0.479166666666667,3
"53",0.586666666666667,0.872950819672131,0.586666666666667,0.872950819672131,0.586666666666667,0.586666666666667,0.586666666666667,0.235109717868339,0.137931034482759,0.235109717868339,0.729808743169399,"Hybrid Score",10,0.459617486338798,4
"54",0.6,0.877049180327869,0.6,0.877049180327869,0.6,0.6,0.6,0.235109717868339,0.141065830721003,0.235109717868339,0.738524590163934,"CBT Score",10,0.477049180327869,4
"55",0.453333333333333,0.831967213114754,0.453333333333333,0.831967213114754,0.453333333333333,0.453333333333333,0.453333333333333,0.235109717868339,0.106583072100313,0.235109717868339,0.642650273224044,"PMT OLS",10,0.285300546448087,4
"56",0.426666666666667,0.823770491803279,0.426666666666667,0.823770491803279,0.426666666666667,0.426666666666667,0.426666666666667,0.235109717868339,0.100313479623824,0.235109717868339,0.625218579234973,"CBT Probit",10,0.250437158469945,4
"57",0.565217391304348,0.87012987012987,0.565217391304348,0.87012987012987,0.565217391304348,0.565217391304348,0.565217391304348,0.23,0.13,0.23,0.717673630717109,"Hybrid Score",10,0.435347261434218,5
"58",0.608695652173913,0.883116883116883,0.608695652173913,0.883116883116883,0.608695652173913,0.608695652173913,0.608695652173913,0.23,0.14,0.23,0.745906267645398,"CBT Score",10,0.491812535290796,5
"59",0.420289855072464,0.826839826839827,0.420289855072464,0.826839826839827,0.420289855072464,0.420289855072464,0.420289855072464,0.23,0.0966666666666667,0.23,0.623564840956145,"PMT OLS",10,0.247129681912291,5
"60",0.420289855072464,0.826839826839827,0.420289855072464,0.826839826839827,0.420289855072464,0.420289855072464,0.420289855072464,0.23,0.0966666666666667,0.23,0.623564840956145,"CBT Probit",10,0.247129681912291,5
"61",0.557692307692308,0.873626373626374,0.557692307692308,0.873626373626374,0.557692307692308,0.557692307692308,0.557692307692308,0.222222222222222,0.123931623931624,0.222222222222222,0.715659340659341,"Hybrid Score",10,0.431318681318681,6
"62",0.461538461538462,0.846153846153846,0.461538461538462,0.846153846153846,0.461538461538462,0.461538461538462,0.461538461538462,0.222222222222222,0.102564102564103,0.222222222222222,0.653846153846154,"CBT Score",10,0.307692307692308,6
"63",0.384615384615385,0.824175824175824,0.384615384615385,0.824175824175824,0.384615384615385,0.384615384615385,0.384615384615385,0.222222222222222,0.0854700854700855,0.222222222222222,0.604395604395604,"PMT OLS",10,0.208791208791209,6
"64",0.480769230769231,0.851648351648352,0.480769230769231,0.851648351648352,0.480769230769231,0.480769230769231,0.480769230769231,0.222222222222222,0.106837606837607,0.222222222222222,0.666208791208791,"CBT Probit",10,0.332417582417582,6
"65",0.614035087719298,0.895734597156398,0.614035087719298,0.895734597156398,0.614035087719298,0.614035087719298,0.614035087719298,0.212686567164179,0.130597014925373,0.212686567164179,0.754884842437848,"Hybrid Score",10,0.509769684875696,7
"66",0.631578947368421,0.900473933649289,0.631578947368421,0.900473933649289,0.631578947368421,0.631578947368421,0.631578947368421,0.212686567164179,0.134328358208955,0.212686567164179,0.766026440508855,"CBT Score",10,0.53205288101771,7
"67",0.385964912280702,0.834123222748815,0.385964912280702,0.834123222748815,0.385964912280702,0.385964912280702,0.385964912280702,0.212686567164179,0.082089552238806,0.212686567164179,0.610044067514758,"PMT OLS",10,0.220088135029517,7
"68",0.43859649122807,0.848341232227488,0.43859649122807,0.848341232227488,0.43859649122807,0.43859649122807,0.43859649122807,0.212686567164179,0.0932835820895522,0.212686567164179,0.643468861727779,"CBT Probit",10,0.286937723455558,7
"69",0.629032258064516,0.90650406504065,0.629032258064516,0.90650406504065,0.629032258064516,0.629032258064516,0.629032258064516,0.201298701298701,0.126623376623377,0.201298701298701,0.767768161552583,"Hybrid Score",10,0.535536323105167,8
"70",0.596774193548387,0.898373983739837,0.596774193548387,0.898373983739837,0.596774193548387,0.596774193548387,0.596774193548387,0.201298701298701,0.12012987012987,0.201298701298701,0.747574088644112,"CBT Score",10,0.495148177288224,8
"71",0.483870967741935,0.869918699186992,0.483870967741935,0.869918699186992,0.483870967741935,0.483870967741935,0.483870967741935,0.201298701298701,0.0974025974025974,0.201298701298701,0.676894833464464,"PMT OLS",10,0.353789666928927,8
"72",0.548387096774194,0.886178861788618,0.548387096774194,0.886178861788618,0.548387096774194,0.548387096774194,0.548387096774194,0.201298701298701,0.11038961038961,0.201298701298701,0.717282979281406,"CBT Probit",10,0.434565958562811,8
"73",0.507042253521127,0.849137931034483,0.507042253521127,0.849137931034483,0.507042253521127,0.507042253521127,0.507042253521127,0.234323432343234,0.118811881188119,0.234323432343234,0.678090092277805,"Hybrid Score",10,0.35618018455561,9
"74",0.549295774647887,0.862068965517241,0.549295774647887,0.862068965517241,0.549295774647887,0.549295774647887,0.549295774647887,0.234323432343234,0.128712871287129,0.234323432343234,0.705682370082564,"CBT Score",10,0.411364740165129,9
"75",0.47887323943662,0.84051724137931,0.47887323943662,0.84051724137931,0.47887323943662,0.47887323943662,0.47887323943662,0.234323432343234,0.112211221122112,0.234323432343234,0.659695240407965,"PMT OLS",10,0.31939048081593,9
"76",0.366197183098592,0.806034482758621,0.366197183098592,0.806034482758621,0.366197183098592,0.366197183098592,0.366197183098592,0.234323432343234,0.0858085808580858,0.234323432343234,0.586115832928606,"CBT Probit",10,0.172231665857212,9
"77",0.661016949152542,0.899497487437186,0.661016949152542,0.899497487437186,0.661016949152542,0.661016949152542,0.661016949152542,0.228682170542636,0.151162790697674,0.228682170542636,0.780257218294864,"Hybrid Score",10,0.560514436589728,10
"78",0.576271186440678,0.874371859296482,0.576271186440678,0.874371859296483,0.576271186440678,0.576271186440678,0.576271186440678,0.228682170542636,0.131782945736434,0.228682170542636,0.72532152286858,"CBT Score",10,0.45064304573716,10
"79",0.423728813559322,0.829145728643216,0.423728813559322,0.829145728643216,0.423728813559322,0.423728813559322,0.423728813559322,0.228682170542636,0.0968992248062016,0.228682170542636,0.626437271101269,"PMT OLS",10,0.252874542202538,10
"80",0.474576271186441,0.844221105527638,0.474576271186441,0.844221105527638,0.474576271186441,0.474576271186441,0.474576271186441,0.228682170542636,0.108527131782946,0.228682170542636,0.659398688357039,"CBT Probit",10,0.318797376714079,10
"81",0.55,0.873239436619718,0.55,0.873239436619718,0.55,0.55,0.55,0.21978021978022,0.120879120879121,0.21978021978022,0.711619718309859,"Hybrid Score",15,0.423239436619718,1
"82",0.55,0.873239436619718,0.55,0.873239436619718,0.55,0.55,0.55,0.21978021978022,0.120879120879121,0.21978021978022,0.711619718309859,"CBT Score",15,0.423239436619718,1
"83",0.466666666666667,0.849765258215962,0.466666666666667,0.849765258215962,0.466666666666667,0.466666666666667,0.466666666666667,0.21978021978022,0.102564102564103,0.21978021978022,0.658215962441315,"PMT OLS",15,0.316431924882629,1
"84",0.55,0.873239436619718,0.55,0.873239436619718,0.55,0.55,0.55,0.21978021978022,0.120879120879121,0.21978021978022,0.711619718309859,"CBT Probit",15,0.423239436619718,1
"85",0.588235294117647,0.881856540084388,0.588235294117647,0.881856540084388,0.588235294117647,0.588235294117647,0.588235294117647,0.222950819672131,0.131147540983607,0.222950819672131,0.735045917101018,"Hybrid Score",15,0.470091834202035,2
"86",0.617647058823529,0.890295358649789,0.617647058823529,0.890295358649789,0.617647058823529,0.617647058823529,0.617647058823529,0.222950819672131,0.137704918032787,0.222950819672131,0.753971208736659,"CBT Score",15,0.507942417473318,2
"87",0.455882352941176,0.843881856540084,0.455882352941176,0.843881856540084,0.455882352941176,0.455882352941176,0.455882352941176,0.222950819672131,0.101639344262295,0.222950819672131,0.64988210474063,"PMT OLS",15,0.299764209481261,2
"88",0.352941176470588,0.814345991561181,0.352941176470588,0.814345991561181,0.352941176470588,0.352941176470588,0.352941176470588,0.222950819672131,0.0786885245901639,0.222950819672131,0.583643584015885,"CBT Probit",15,0.16728716803177,2
"89",0.623376623376623,0.885826771653543,0.623376623376623,0.885826771653543,0.623376623376623,0.623376623376623,0.623376623376623,0.232628398791541,0.145015105740181,0.232628398791541,0.754601697515083,"Hybrid Score",15,0.509203395030167,3
"90",0.584415584415584,0.874015748031496,0.584415584415584,0.874015748031496,0.584415584415584,0.584415584415584,0.584415584415584,0.232628398791541,0.13595166163142,0.232628398791541,0.72921566622354,"CBT Score",15,0.45843133244708,3
"91",0.506493506493506,0.850393700787402,0.506493506493507,0.850393700787402,0.506493506493506,0.506493506493506,0.506493506493506,0.232628398791541,0.117824773413897,0.232628398791541,0.678443603640454,"PMT OLS",15,0.356887207280908,3
"92",0.441558441558442,0.830708661417323,0.441558441558441,0.830708661417323,0.441558441558442,0.441558441558442,0.441558441558442,0.232628398791541,0.102719033232628,0.232628398791541,0.636133551487882,"CBT Probit",15,0.272267102975764,3
"93",0.619718309859155,0.872037914691943,0.619718309859155,0.872037914691943,0.619718309859155,0.619718309859155,0.619718309859155,0.25177304964539,0.156028368794326,0.25177304964539,0.745878112275549,"Hybrid Score",15,0.491756224551098,4
"94",0.605633802816901,0.867298578199052,0.605633802816901,0.867298578199052,0.605633802816901,0.605633802816901,0.605633802816901,0.25177304964539,0.152482269503546,0.25177304964539,0.736466190507977,"CBT Score",15,0.472932381015953,4
"95",0.47887323943662,0.824644549763033,0.47887323943662,0.824644549763033,0.47887323943662,0.47887323943662,0.47887323943662,0.25177304964539,0.120567375886525,0.25177304964539,0.651758894599826,"PMT OLS",15,0.303517789199653,4
"96",0.492957746478873,0.829383886255924,0.492957746478873,0.829383886255924,0.492957746478873,0.492957746478873,0.492957746478873,0.25177304964539,0.124113475177305,0.25177304964539,0.661170816367399,"CBT Probit",15,0.322341632734797,4
"97",0.625,0.881188118811881,0.625,0.881188118811881,0.625,0.625,0.625,0.240601503759398,0.150375939849624,0.240601503759398,0.753094059405941,"Hybrid Score",15,0.506188118811881,5
"98",0.59375,0.871287128712871,0.59375,0.871287128712871,0.59375,0.59375,0.59375,0.240601503759398,0.142857142857143,0.240601503759398,0.732518564356436,"CBT Score",15,0.465037128712871,5
"99",0.46875,0.831683168316832,0.46875,0.831683168316832,0.46875,0.46875,0.46875,0.240601503759398,0.112781954887218,0.240601503759398,0.650216584158416,"PMT OLS",15,0.300433168316832,5
"100",0.484375,0.836633663366337,0.484375,0.836633663366337,0.484375,0.484375,0.484375,0.240601503759398,0.116541353383459,0.240601503759398,0.660504331683168,"CBT Probit",15,0.321008663366337,5
"101",0.585714285714286,0.892193308550186,0.585714285714286,0.892193308550186,0.585714285714286,0.585714285714286,0.585714285714286,0.206489675516224,0.12094395280236,0.206489675516224,0.738953797132236,"Hybrid Score",15,0.477907594264472,6
"102",0.585714285714286,0.892193308550186,0.585714285714286,0.892193308550186,0.585714285714286,0.585714285714286,0.585714285714286,0.206489675516224,0.12094395280236,0.206489675516224,0.738953797132236,"CBT Score",15,0.477907594264472,6
"103",0.414285714285714,0.847583643122677,0.414285714285714,0.847583643122677,0.414285714285714,0.414285714285714,0.414285714285714,0.206489675516224,0.0855457227138643,0.206489675516224,0.630934678704195,"PMT OLS",15,0.261869357408391,6
"104",0.5,0.869888475836431,0.5,0.869888475836431,0.5,0.5,0.5,0.206489675516224,0.103244837758112,0.206489675516224,0.684944237918216,"CBT Probit",15,0.369888475836431,6
"105",0.619718309859155,0.890243902439024,0.619718309859155,0.890243902439024,0.619718309859155,0.619718309859155,0.619718309859155,0.22397476340694,0.138801261829653,0.22397476340694,0.75498110614909,"Hybrid Score",15,0.509962212298179,7
"106",0.605633802816901,0.886178861788618,0.605633802816901,0.886178861788618,0.605633802816901,0.605633802816901,0.605633802816901,0.22397476340694,0.135646687697161,0.22397476340694,0.74590633230276,"CBT Score",15,0.491812664605519,7
"107",0.394366197183099,0.82520325203252,0.394366197183099,0.82520325203252,0.394366197183099,0.394366197183099,0.394366197183099,0.22397476340694,0.0883280757097792,0.22397476340694,0.609784724607809,"PMT OLS",15,0.219569449215619,7
"108",0.535211267605634,0.865853658536585,0.535211267605634,0.865853658536585,0.535211267605634,0.535211267605634,0.535211267605634,0.22397476340694,0.1198738170347,0.22397476340694,0.70053246307111,"CBT Probit",15,0.401064926142219,7
"109",0.589041095890411,0.88,0.589041095890411,0.88,0.589041095890411,0.589041095890411,0.589041095890411,0.226006191950464,0.13312693498452,0.226006191950464,0.734520547945205,"Hybrid Score",15,0.469041095890411,8
"110",0.602739726027397,0.884,0.602739726027397,0.884,0.602739726027397,0.602739726027397,0.602739726027397,0.226006191950464,0.136222910216718,0.226006191950464,0.743369863013699,"CBT Score",15,0.486739726027397,8
"111",0.493150684931507,0.852,0.493150684931507,0.852,0.493150684931507,0.493150684931507,0.493150684931507,0.226006191950464,0.111455108359133,0.226006191950464,0.672575342465753,"PMT OLS",15,0.345150684931507,8
"112",0.561643835616438,0.872,0.561643835616438,0.872,0.561643835616438,0.561643835616438,0.561643835616438,0.226006191950464,0.126934984520124,0.226006191950464,0.716821917808219,"CBT Probit",15,0.433643835616438,8
"113",0.586206896551724,0.889908256880734,0.586206896551724,0.889908256880734,0.586206896551724,0.586206896551724,0.586206896551724,0.210144927536232,0.123188405797101,0.210144927536232,0.738057576716229,"Hybrid Score",15,0.476115153432458,9
"114",0.46551724137931,0.857798165137615,0.46551724137931,0.857798165137615,0.46551724137931,0.46551724137931,0.46551724137931,0.210144927536232,0.0978260869565217,0.210144927536232,0.661657703258463,"CBT Score",15,0.323315406516925,9
"115",0.46551724137931,0.857798165137615,0.46551724137931,0.857798165137615,0.46551724137931,0.46551724137931,0.46551724137931,0.210144927536232,0.0978260869565217,0.210144927536232,0.661657703258463,"PMT OLS",15,0.323315406516925,9
"116",0.431034482758621,0.848623853211009,0.431034482758621,0.848623853211009,0.431034482758621,0.431034482758621,0.431034482758621,0.210144927536232,0.0905797101449275,0.210144927536232,0.639829167984815,"CBT Probit",15,0.27965833596963,9
"117",0.661764705882353,0.9004329004329,0.661764705882353,0.9004329004329,0.661764705882353,0.661764705882353,0.661764705882353,0.22742474916388,0.150501672240803,0.22742474916388,0.781098803157627,"Hybrid Score",15,0.562197606315253,10
"118",0.647058823529412,0.896103896103896,0.647058823529412,0.896103896103896,0.647058823529412,0.647058823529412,0.647058823529412,0.22742474916388,0.147157190635452,0.22742474916388,0.771581359816654,"CBT Score",15,0.543162719633308,10
"119",0.455882352941176,0.83982683982684,0.455882352941176,0.83982683982684,0.455882352941176,0.455882352941176,0.455882352941176,0.22742474916388,0.103678929765886,0.22742474916388,0.647854596384008,"PMT OLS",15,0.295709192768016,10
"120",0.632352941176471,0.891774891774892,0.632352941176471,0.891774891774892,0.632352941176471,0.632352941176471,0.632352941176471,0.22742474916388,0.1438127090301,0.22742474916388,0.762063916475681,"CBT Probit",15,0.524127832951362,10
"121",0.681818181818182,0.903669724770642,0.681818181818182,0.903669724770642,0.681818181818182,0.681818181818182,0.681818181818182,0.232394366197183,0.158450704225352,0.232394366197183,0.792743953294412,"Hybrid Score",25,0.585487906588824,1
"122",0.666666666666667,0.899082568807339,0.666666666666667,0.899082568807339,0.666666666666667,0.666666666666667,0.666666666666667,0.232394366197183,0.154929577464789,0.232394366197183,0.782874617737003,"CBT Score",25,0.565749235474006,1
"123",0.5,0.848623853211009,0.5,0.848623853211009,0.5,0.5,0.5,0.232394366197183,0.116197183098592,0.232394366197183,0.674311926605505,"PMT OLS",25,0.348623853211009,1
"124",0.606060606060606,0.880733944954128,0.606060606060606,0.880733944954128,0.606060606060606,0.606060606060606,0.606060606060606,0.232394366197183,0.140845070422535,0.232394366197183,0.743397275507367,"CBT Probit",25,0.486794551014735,1
"125",0.620689655172414,0.898617511520737,0.620689655172414,0.898617511520737,0.620689655172414,0.620689655172414,0.620689655172414,0.210909090909091,0.130909090909091,0.210909090909091,0.759653583346576,"Hybrid Score",25,0.519307166693151,2
"126",0.603448275862069,0.894009216589862,0.603448275862069,0.894009216589862,0.603448275862069,0.603448275862069,0.603448275862069,0.210909090909091,0.127272727272727,0.210909090909091,0.748728746225965,"CBT Score",25,0.497457492451931,2
"127",0.482758620689655,0.861751152073733,0.482758620689655,0.861751152073733,0.482758620689655,0.482758620689655,0.482758620689655,0.210909090909091,0.101818181818182,0.210909090909091,0.672254886381694,"PMT OLS",25,0.344509772763388,2
"128",0.568965517241379,0.884792626728111,0.568965517241379,0.884792626728111,0.568965517241379,0.568965517241379,0.568965517241379,0.210909090909091,0.12,0.210909090909091,0.726879071984745,"CBT Probit",25,0.45375814396949,2
"129",0.635135135135135,0.896153846153846,0.635135135135135,0.896153846153846,0.635135135135135,0.635135135135135,0.635135135135135,0.221556886227545,0.140718562874251,0.221556886227545,0.765644490644491,"Hybrid Score",25,0.531288981288981,3
"130",0.635135135135135,0.896153846153846,0.635135135135135,0.896153846153846,0.635135135135135,0.635135135135135,0.635135135135135,0.221556886227545,0.140718562874251,0.221556886227545,0.765644490644491,"CBT Score",25,0.531288981288981,3
"131",0.445945945945946,0.842307692307692,0.445945945945946,0.842307692307692,0.445945945945946,0.445945945945946,0.445945945945946,0.221556886227545,0.0988023952095808,0.221556886227545,0.644126819126819,"PMT OLS",25,0.288253638253638,3
"132",0.554054054054054,0.873076923076923,0.554054054054054,0.873076923076923,0.554054054054054,0.554054054054054,0.554054054054054,0.221556886227545,0.122754491017964,0.221556886227545,0.713565488565489,"CBT Probit",25,0.427130977130977,3
"133",0.672727272727273,0.903743315508021,0.672727272727273,0.903743315508021,0.672727272727273,0.672727272727273,0.672727272727273,0.227272727272727,0.152892561983471,0.227272727272727,0.788235294117647,"Hybrid Score",25,0.576470588235294,4
"134",0.654545454545455,0.898395721925134,0.654545454545455,0.898395721925134,0.654545454545455,0.654545454545455,0.654545454545455,0.227272727272727,0.148760330578512,0.227272727272727,0.776470588235294,"CBT Score",25,0.552941176470588,4
"135",0.454545454545455,0.839572192513369,0.454545454545455,0.839572192513369,0.454545454545455,0.454545454545455,0.454545454545455,0.227272727272727,0.103305785123967,0.227272727272727,0.647058823529412,"PMT OLS",25,0.294117647058824,4
"136",0.636363636363636,0.893048128342246,0.636363636363636,0.893048128342246,0.636363636363636,0.636363636363636,0.636363636363636,0.227272727272727,0.144628099173554,0.227272727272727,0.764705882352941,"CBT Probit",25,0.529411764705882,4
"137",0.625,0.899038461538462,0.625,0.899038461538461,0.625,0.625,0.625,0.212121212121212,0.132575757575758,0.212121212121212,0.762019230769231,"Hybrid Score",25,0.524038461538462,5
"138",0.553571428571429,0.879807692307692,0.553571428571428,0.879807692307692,0.553571428571429,0.553571428571429,0.553571428571429,0.212121212121212,0.117424242424242,0.212121212121212,0.71668956043956,"CBT Score",25,0.433379120879121,5
"139",0.392857142857143,0.836538461538462,0.392857142857143,0.836538461538462,0.392857142857143,0.392857142857143,0.392857142857143,0.212121212121212,0.0833333333333333,0.212121212121212,0.614697802197802,"PMT OLS",25,0.229395604395604,5
"140",0.571428571428571,0.884615384615385,0.571428571428571,0.884615384615385,0.571428571428571,0.571428571428571,0.571428571428571,0.212121212121212,0.121212121212121,0.212121212121212,0.728021978021978,"CBT Probit",25,0.456043956043956,5
"141",0.574468085106383,0.895287958115183,0.574468085106383,0.895287958115183,0.574468085106383,0.574468085106383,0.574468085106383,0.197478991596639,0.113445378151261,0.197478991596639,0.734878021610783,"Hybrid Score",25,0.469756043221566,6
"142",0.531914893617021,0.884816753926702,0.531914893617021,0.884816753926702,0.531914893617021,0.531914893617021,0.531914893617021,0.197478991596639,0.105042016806723,0.197478991596639,0.708365823771861,"CBT Score",25,0.416731647543723,6
"143",0.382978723404255,0.848167539267016,0.382978723404255,0.848167539267016,0.382978723404255,0.382978723404255,0.382978723404255,0.197478991596639,0.0756302521008403,0.197478991596639,0.615573131335636,"PMT OLS",25,0.231146262671271,6
"144",0.48936170212766,0.87434554973822,0.489361702127659,0.87434554973822,0.48936170212766,0.48936170212766,0.48936170212766,0.197478991596639,0.0966386554621849,0.197478991596639,0.68185362593294,"CBT Probit",25,0.363707251865879,6
"145",0.560606060606061,0.882113821138211,0.560606060606061,0.882113821138211,0.560606060606061,0.560606060606061,0.560606060606061,0.211538461538462,0.118589743589744,0.211538461538462,0.721359940872136,"Hybrid Score",25,0.442719881744272,7
"146",0.545454545454545,0.878048780487805,0.545454545454546,0.878048780487805,0.545454545454545,0.545454545454545,0.545454545454545,0.211538461538462,0.115384615384615,0.211538461538462,0.711751662971175,"CBT Score",25,0.42350332594235,7
"147",0.409090909090909,0.841463414634146,0.409090909090909,0.841463414634146,0.409090909090909,0.409090909090909,0.409090909090909,0.211538461538462,0.0865384615384615,0.211538461538462,0.625277161862528,"PMT OLS",25,0.250554323725055,7
"148",0.484848484848485,0.861788617886179,0.484848484848485,0.861788617886179,0.484848484848485,0.484848484848485,0.484848484848485,0.211538461538462,0.102564102564103,0.211538461538462,0.673318551367332,"CBT Probit",25,0.346637102734664,7
"149",0.615384615384615,0.897959183673469,0.615384615384615,0.897959183673469,0.615384615384615,0.615384615384615,0.615384615384615,0.209677419354839,0.129032258064516,0.209677419354839,0.756671899529042,"Hybrid Score",25,0.513343799058085,8
"150",0.576923076923077,0.887755102040816,0.576923076923077,0.887755102040816,0.576923076923077,0.576923076923077,0.576923076923077,0.209677419354839,0.120967741935484,0.209677419354839,0.732339089481947,"CBT Score",25,0.464678178963893,8
"151",0.442307692307692,0.852040816326531,0.442307692307692,0.852040816326531,0.442307692307692,0.442307692307692,0.442307692307692,0.209677419354839,0.092741935483871,0.209677419354839,0.647174254317112,"PMT OLS",25,0.294348508634223,8
"152",0.519230769230769,0.872448979591837,0.519230769230769,0.872448979591837,0.519230769230769,0.519230769230769,0.519230769230769,0.209677419354839,0.108870967741935,0.209677419354839,0.695839874411303,"CBT Probit",25,0.391679748822606,8
"153",0.586206896551724,0.893333333333333,0.586206896551724,0.893333333333333,0.586206896551724,0.586206896551724,0.586206896551724,0.204946996466431,0.120141342756184,0.204946996466431,0.739770114942529,"Hybrid Score",25,0.479540229885057,9
"154",0.568965517241379,0.888888888888889,0.568965517241379,0.888888888888889,0.568965517241379,0.568965517241379,0.568965517241379,0.204946996466431,0.11660777385159,0.204946996466431,0.728927203065134,"CBT Score",25,0.457854406130268,9
"155",0.431034482758621,0.853333333333333,0.431034482758621,0.853333333333333,0.431034482758621,0.431034482758621,0.431034482758621,0.204946996466431,0.088339222614841,0.204946996466431,0.642183908045977,"PMT OLS",25,0.284367816091954,9
"156",0.551724137931034,0.884444444444444,0.551724137931035,0.884444444444444,0.551724137931034,0.551724137931034,0.551724137931034,0.204946996466431,0.113074204946996,0.204946996466431,0.718084291187739,"CBT Probit",25,0.436168582375479,9
"157",0.511111111111111,0.890547263681592,0.511111111111111,0.890547263681592,0.511111111111111,0.511111111111111,0.511111111111111,0.182926829268293,0.0934959349593496,0.182926829268293,0.700829187396352,"Hybrid Score",25,0.401658374792703,10
"158",0.577777777777778,0.90547263681592,0.577777777777778,0.90547263681592,0.577777777777778,0.577777777777778,0.577777777777778,0.182926829268293,0.105691056910569,0.182926829268293,0.741625207296849,"CBT Score",25,0.483250414593698,10
"159",0.355555555555556,0.855721393034826,0.355555555555556,0.855721393034826,0.355555555555556,0.355555555555556,0.355555555555556,0.182926829268293,0.0650406504065041,0.182926829268293,0.605638474295191,"PMT OLS",25,0.211276948590381,10
"160",0.488888888888889,0.885572139303483,0.488888888888889,0.885572139303483,0.488888888888889,0.488888888888889,0.488888888888889,0.182926829268293,0.0894308943089431,0.182926829268293,0.687230514096186,"CBT Probit",25,0.374461028192371,10
